0,1,0,1,2,3,4,5,6,7,8,9,10,11,12,13,14,15,16,17,18,19,20,21,22,23,24,25,26,27,28,29,30,31,32,33,34,35,36,37,38,39,40,41,42,43,44,45,46,47,48,49,50,51
homefront,covid19,9.0,9.0,9.0,9.0,9.0,9.0,9.0,9.0,9.0,9.0,9.0,9.0,9.0,9.0,9.0,9.0,9.0,9.0,9.0,9.0,9.0,9.0,9.0,9.0,9.0,9.0,9.0,9.0,9.0,9.0,9.0,9.0,9.0,9.0,9.0,9.0,9.0,9.0,9.0,9.0,9.0,9.0,9.0,9.0,9.0,9.0,9.0,9.0,9.0,9.0,9.0,9.0
battl,covid19,0.5689893141388893,0.5383142903447151,0.5958721488714218,0.6201700568199158,0.5871665328741074,0.4650573171675205,0.41832200437784195,0.45742278918623924,0.4456591010093689,0.43524402379989624,0.504641025327146,0.5093861417844892,0.4472358301281929,0.42428259551525116,0.5168795324862003,0.41661620885133743,0.4599994793534279,0.5135513367131352,0.4983174707740545,0.4928114078938961,0.5273971036076546,0.553428690880537,0.46722372248768806,0.5548656582832336,9.0,0.6388202011585236,9.0,0.7392396926879883,0.6230336353182793,0.6479760855436325,9.0,9.0,9.0,9.0,0.678962379693985,0.7635172307491302,9.0,9.0,9.0,9.0,9.0,9.0,9.0,9.0,9.0,9.0,9.0,9.0,9.0,0.8221884071826935,9.0,9.0
militari,covid19,0.46664809063076973,0.5221774689853191,0.538805540651083,0.609068363904953,0.5779498368501663,0.46916504204273224,0.5324550122022629,0.5488936901092529,0.4958170186728239,0.4816196672618389,0.5176254883408546,0.5160806402564049,0.48849855922162533,0.5773740038275719,0.4855265859514475,0.5850897952914238,0.5191818829625845,0.503367343917489,0.48999831825494766,0.47453719191253185,0.49020878691226244,0.4831519816070795,0.5746347606182098,0.6531157344579697,9.0,0.6243481859564781,9.0,9.0,9.0,9.0,9.0,9.0,0.7102367579936981,9.0,9.0,9.0,0.6432380974292755,9.0,9.0,9.0,9.0,9.0,9.0,9.0,9.0,9.0,9.0,0.7568992376327515,9.0,9.0,9.0,9.0
won,covid19,9.0,9.0,9.0,9.0,9.0,9.0,9.0,9.0,9.0,9.0,9.0,9.0,9.0,9.0,9.0,9.0,9.0,9.0,9.0,9.0,9.0,9.0,9.0,9.0,9.0,9.0,9.0,9.0,9.0,9.0,9.0,9.0,9.0,9.0,9.0,9.0,9.0,9.0,9.0,9.0,9.0,9.0,9.0,9.0,9.0,9.0,9.0,9.0,9.0,9.0,9.0,9.0
besieg,covid19,9.0,9.0,9.0,9.0,9.0,9.0,9.0,9.0,9.0,9.0,9.0,9.0,9.0,9.0,9.0,9.0,9.0,9.0,9.0,9.0,9.0,9.0,9.0,9.0,9.0,9.0,9.0,9.0,9.0,9.0,9.0,9.0,9.0,9.0,9.0,9.0,9.0,9.0,9.0,9.0,9.0,9.0,9.0,9.0,9.0,9.0,9.0,9.0,9.0,9.0,9.0,9.0
hostil,covid19,9.0,9.0,9.0,9.0,9.0,9.0,0.4996395856142044,9.0,9.0,9.0,9.0,9.0,9.0,9.0,9.0,9.0,9.0,9.0,9.0,9.0,9.0,9.0,9.0,9.0,9.0,9.0,9.0,9.0,9.0,9.0,9.0,9.0,9.0,9.0,9.0,9.0,9.0,9.0,9.0,9.0,9.0,9.0,9.0,9.0,9.0,9.0,9.0,9.0,9.0,9.0,9.0,9.0
battleground,covid19,9.0,9.0,9.0,9.0,9.0,9.0,9.0,9.0,9.0,9.0,9.0,9.0,9.0,9.0,9.0,9.0,9.0,9.0,9.0,9.0,9.0,9.0,9.0,9.0,9.0,9.0,9.0,9.0,9.0,9.0,9.0,9.0,9.0,9.0,9.0,9.0,9.0,9.0,9.0,9.0,9.0,9.0,9.0,9.0,9.0,9.0,9.0,9.0,9.0,9.0,9.0,9.0
upris,covid19,9.0,9.0,9.0,9.0,9.0,9.0,9.0,9.0,9.0,9.0,9.0,9.0,9.0,9.0,9.0,9.0,9.0,9.0,9.0,9.0,9.0,9.0,9.0,9.0,9.0,9.0,9.0,9.0,9.0,9.0,9.0,9.0,9.0,9.0,9.0,9.0,9.0,9.0,9.0,9.0,9.0,9.0,9.0,9.0,9.0,9.0,9.0,9.0,9.0,9.0,9.0,9.0
arsenal,covid19,9.0,9.0,9.0,9.0,9.0,9.0,0.47813405096530914,9.0,9.0,9.0,9.0,9.0,9.0,9.0,9.0,9.0,9.0,9.0,9.0,9.0,9.0,9.0,9.0,9.0,9.0,9.0,9.0,9.0,9.0,9.0,9.0,9.0,9.0,9.0,9.0,9.0,9.0,9.0,9.0,9.0,9.0,9.0,9.0,9.0,9.0,9.0,9.0,9.0,9.0,9.0,9.0,9.0
death,covid19,0.5237073376774788,0.48668860364705324,0.5333796590566635,0.5438371524214745,0.5463998094201088,0.5349541716277599,0.5897835344076157,0.49815087392926216,0.47671809047460556,0.48719105683267117,0.5409534573554993,0.5717016160488129,0.5243778899312019,0.5074623934924603,0.5412860959768295,0.5526178181171417,0.544224351644516,0.5219644196331501,0.5654470548033714,0.5343191511929035,0.5149244591593742,0.5417663902044296,0.5404569208621979,0.6966177672147751,0.7005055993795395,0.6044916361570358,0.5854987353086472,0.7156185507774353,0.6040472090244293,0.6131548807024956,0.5604296922683716,0.6447026431560516,0.6815109252929688,0.4665366820991039,0.7058297395706177,0.6972498744726181,0.533287338912487,0.6609859764575958,0.7375920563936234,0.5966116189956665,0.7594529092311859,0.87150439620018,0.7864020466804504,0.8161584734916687,0.7038885056972504,0.7806963324546814,0.8333680331707001,0.8995193839073181,0.9191463589668274,0.8884555101394653,0.8323789238929749,0.9021278619766235
crossfir,covid19,9.0,9.0,9.0,9.0,9.0,9.0,9.0,9.0,9.0,9.0,9.0,9.0,9.0,9.0,9.0,9.0,9.0,9.0,9.0,9.0,9.0,9.0,9.0,9.0,9.0,9.0,9.0,9.0,9.0,9.0,9.0,9.0,9.0,9.0,9.0,9.0,9.0,9.0,9.0,9.0,9.0,9.0,9.0,9.0,9.0,9.0,9.0,9.0,9.0,9.0,9.0,9.0
defend,covid19,9.0,9.0,9.0,9.0,9.0,0.5110943727195263,0.5624763928353786,0.4762754626572132,0.4682389125227928,0.48568909615278244,0.4385998174548149,0.45157063752412796,0.4763911720365286,0.5159381926059723,0.5248414762318134,0.49312875885516405,0.4818832091987133,0.4464137405157089,9.0,9.0,0.45811400935053825,0.47036088071763515,9.0,9.0,9.0,9.0,9.0,9.0,9.0,9.0,9.0,9.0,9.0,9.0,9.0,9.0,9.0,9.0,9.0,9.0,9.0,9.0,9.0,9.0,9.0,9.0,9.0,9.0,9.0,0.796552449464798,9.0,9.0
arm,covid19,9.0,0.5711468383669853,9.0,9.0,9.0,0.4939923342317343,0.4642658457159996,9.0,0.5525689125061035,0.5051923245191574,0.48849448561668396,0.44896964728832245,0.5250119213014841,0.5199699643999338,0.5380408391356468,0.4817480370402336,0.4998111929744482,0.5312900766730309,0.49878945015370846,0.518454410135746,9.0,9.0,9.0,9.0,9.0,0.5630870833992958,9.0,9.0,9.0,9.0,9.0,9.0,9.0,9.0,9.0,9.0,9.0,0.6349234282970428,9.0,9.0,9.0,9.0,9.0,9.0,9.0,9.0,9.0,9.0,9.0,9.0,0.9168006777763367,0.77654629945755
battlefront,covid19,9.0,9.0,9.0,9.0,9.0,9.0,9.0,9.0,9.0,9.0,9.0,9.0,9.0,9.0,9.0,9.0,9.0,9.0,9.0,9.0,9.0,9.0,9.0,9.0,9.0,9.0,9.0,9.0,9.0,9.0,9.0,9.0,9.0,9.0,9.0,9.0,9.0,9.0,9.0,9.0,9.0,9.0,9.0,9.0,9.0,9.0,9.0,9.0,9.0,9.0,9.0,9.0
captur,covid19,9.0,9.0,9.0,9.0,9.0,9.0,9.0,9.0,9.0,9.0,9.0,0.5966605469584465,9.0,9.0,9.0,9.0,9.0,9.0,9.0,9.0,0.49130929075181484,9.0,0.585574671626091,9.0,9.0,9.0,9.0,9.0,9.0,9.0,9.0,9.0,9.0,9.0,9.0,9.0,9.0,9.0,9.0,9.0,9.0,9.0,9.0,9.0,9.0,9.0,9.0,9.0,9.0,9.0,9.0,9.0
guard,covid19,9.0,9.0,9.0,9.0,9.0,9.0,0.5007051564753056,0.4381175935268402,0.4929367662407458,0.45342712104320526,0.544767826795578,0.5469234883785248,9.0,0.507785682566464,0.5051617734134197,9.0,0.47912683710455894,0.5075164088048041,0.47469496354460716,0.5828458815813065,0.46299921721220016,9.0,0.5266268849372864,9.0,9.0,9.0,9.0,9.0,9.0,9.0,9.0,9.0,9.0,9.0,9.0,9.0,9.0,9.0,9.0,9.0,9.0,9.0,9.0,9.0,9.0,9.0,9.0,9.0,9.0,9.0,9.0,9.0
trench,covid19,9.0,9.0,9.0,9.0,9.0,9.0,9.0,9.0,9.0,9.0,9.0,9.0,9.0,9.0,9.0,9.0,9.0,9.0,9.0,9.0,9.0,9.0,9.0,9.0,9.0,9.0,9.0,9.0,9.0,9.0,9.0,9.0,9.0,9.0,9.0,9.0,9.0,9.0,9.0,9.0,9.0,9.0,9.0,9.0,9.0,9.0,9.0,9.0,9.0,9.0,9.0,9.0
struggl,covid19,9.0,0.530207984149456,0.5674290135502815,9.0,0.6006531938910484,0.56821558624506,0.6313929110765457,0.5125785637646914,0.5241488739848137,0.5211664084345102,0.5159825030714273,0.48581974022090435,0.5586632043123245,0.5199004374444485,0.5518304072320461,0.5504994206130505,0.507316380739212,0.5709772631525993,0.5329352095723152,0.5434103086590767,0.5650962591171265,0.5475369952619076,9.0,9.0,0.6096221655607224,9.0,0.6536318957805634,0.7056212723255157,0.6116345599293709,9.0,0.6875535845756531,9.0,9.0,9.0,0.6264499872922897,0.7708927392959595,9.0,9.0,9.0,0.8006862998008728,9.0,9.0,9.0,9.0,9.0,0.6957332342863083,9.0,0.7998373508453369,0.7639735639095306,0.8646784126758575,0.6805936992168427,9.0
enemi,covid19,9.0,9.0,9.0,9.0,0.49232176039367914,0.49734562635421753,0.49184277653694153,0.5470726266503334,0.5437765270471573,0.5084505956619978,0.5188770517706871,0.5279140025377274,0.5015825536102057,0.489039471372962,0.5488688573241234,0.5067113228142262,0.5104825124144554,0.4874746249988675,9.0,0.4046799913048744,0.5295518338680267,0.49118691496551037,0.4645440876483917,9.0,9.0,9.0,9.0,9.0,9.0,9.0,9.0,9.0,9.0,9.0,9.0,9.0,9.0,9.0,9.0,9.0,9.0,9.0,9.0,9.0,9.0,9.0,9.0,9.0,9.0,9.0,9.0,9.0
die,covid19,0.5239528883248568,0.4564742483198643,0.5650080963969231,0.6148977428674698,0.46404316276311874,0.5238472949713469,0.5483050122857094,0.4904796238988638,0.4237444996833801,0.4685516841709614,0.5359782949090004,0.48749989550560713,0.4569685235619545,0.4790169410407543,0.4353860318660736,0.44613030552864075,0.4673161506652832,0.4593689776957035,0.5471125617623329,0.49822113290429115,0.4960658773779869,0.4906334262341261,0.49492909386754036,0.5697753131389618,0.6184853091835976,0.619585707783699,0.6016251146793365,0.5864599943161011,0.4918084144592285,0.5970840305089951,0.6842240542173386,0.6681898236274719,0.722786158323288,0.5794086530804634,0.6748646199703217,0.7195373177528381,0.5803394466638565,0.6697412431240082,0.7220899760723114,0.7095170021057129,0.7582477033138275,0.7887002825737,0.8536622524261475,0.8582331538200378,0.6929485648870468,0.8107153177261353,0.8823991119861603,0.7944672405719757,0.8957059979438782,0.6943201720714569,0.8751823604106903,0.8381610810756683
fortifi,covid19,9.0,9.0,9.0,9.0,9.0,9.0,9.0,9.0,9.0,9.0,9.0,9.0,9.0,9.0,9.0,9.0,9.0,9.0,9.0,9.0,9.0,9.0,9.0,9.0,9.0,9.0,9.0,9.0,9.0,9.0,9.0,9.0,9.0,9.0,9.0,9.0,9.0,9.0,9.0,9.0,9.0,9.0,9.0,9.0,9.0,9.0,9.0,9.0,9.0,9.0,9.0,9.0
bombard,covid19,9.0,9.0,9.0,9.0,9.0,9.0,9.0,9.0,9.0,9.0,9.0,9.0,9.0,9.0,9.0,9.0,9.0,9.0,9.0,9.0,9.0,9.0,9.0,9.0,9.0,9.0,9.0,9.0,9.0,9.0,9.0,9.0,9.0,9.0,9.0,9.0,9.0,9.0,9.0,9.0,9.0,9.0,9.0,9.0,9.0,9.0,9.0,9.0,9.0,9.0,9.0,9.0
strategi,covid19,9.0,9.0,9.0,9.0,0.4384625516831875,0.5630896985530853,0.5329015254974365,0.4780310560017824,0.4881170867010951,0.5385412722826004,0.5966753587126732,0.49767834693193436,0.5247823391109705,0.4965494517236948,0.5310956668108702,0.5448309071362019,0.5081858765333891,0.5210236646234989,0.5677315592765808,0.5570234879851341,0.5253045186400414,0.4694669656455517,0.5358640514314175,0.5236550681293011,9.0,0.6641783118247986,0.7020171582698822,9.0,0.6895219683647156,0.6485191881656647,9.0,0.5826726406812668,9.0,0.6348142921924591,9.0,9.0,0.6539947092533112,9.0,0.7409212291240692,9.0,0.7826714515686035,9.0,9.0,9.0,9.0,9.0,9.0,9.0,9.0,9.0,9.0,9.0
disarma,covid19,9.0,9.0,9.0,9.0,9.0,9.0,9.0,9.0,9.0,9.0,9.0,9.0,9.0,9.0,9.0,9.0,9.0,9.0,9.0,9.0,9.0,9.0,9.0,9.0,9.0,9.0,9.0,9.0,9.0,9.0,9.0,9.0,9.0,9.0,9.0,9.0,9.0,9.0,9.0,9.0,9.0,9.0,9.0,9.0,9.0,9.0,9.0,9.0,9.0,9.0,9.0,9.0
armi,covid19,9.0,0.4932734314352274,9.0,9.0,9.0,0.4936462249606848,0.4998360313475132,0.5446431562304497,0.48811329063028097,0.45695803686976433,0.5095793753862381,0.5125209707766771,0.5390605665743351,0.49986453354358673,0.5104594966396689,0.4735577441751957,0.5142756849527359,0.5514806732535362,0.49152911826968193,9.0,0.44240623712539673,9.0,9.0,9.0,9.0,9.0,9.0,9.0,9.0,9.0,9.0,9.0,9.0,9.0,9.0,9.0,9.0,0.5578795522451401,9.0,9.0,9.0,9.0,9.0,9.0,9.0,9.0,9.0,9.0,9.0,9.0,9.0,9.0
weapon,covid19,0.5370299704372883,0.4924470894038677,0.5566844269633293,0.48840314242988825,0.5059147663414478,0.47992439195513725,0.5379137247800827,0.5384243875741959,0.5253991857171059,0.5372934602200985,0.47234171256422997,0.5871406346559525,0.5283678062260151,0.4876514598727226,0.5606520995497704,9.0,0.5321822948753834,0.5209096688777208,9.0,0.5504692010581493,0.5493261627852917,9.0,9.0,9.0,9.0,9.0,9.0,9.0,9.0,9.0,9.0,9.0,9.0,9.0,9.0,9.0,9.0,9.0,9.0,9.0,9.0,9.0,9.0,9.0,9.0,9.0,9.0,0.8392398953437805,9.0,9.0,9.0,9.0
destruct,covid19,9.0,9.0,9.0,9.0,9.0,9.0,0.5566418096423149,9.0,9.0,0.491127697750926,0.5189364515244961,9.0,9.0,9.0,9.0,0.520425982773304,9.0,9.0,0.5076642474159598,0.5031065959483385,0.5207781586796045,9.0,9.0,9.0,9.0,9.0,9.0,9.0,9.0,9.0,9.0,9.0,9.0,9.0,9.0,9.0,9.0,9.0,9.0,9.0,9.0,9.0,9.0,9.0,9.0,9.0,9.0,9.0,9.0,9.0,9.0,9.0
bloodsh,covid19,9.0,9.0,9.0,9.0,9.0,9.0,9.0,9.0,9.0,9.0,9.0,9.0,9.0,9.0,9.0,9.0,9.0,9.0,9.0,9.0,9.0,9.0,9.0,9.0,9.0,9.0,9.0,9.0,9.0,9.0,9.0,9.0,9.0,9.0,9.0,9.0,9.0,9.0,9.0,9.0,9.0,9.0,9.0,9.0,9.0,9.0,9.0,9.0,9.0,9.0,9.0,9.0
rebellion,covid19,9.0,9.0,9.0,9.0,9.0,9.0,9.0,9.0,9.0,9.0,9.0,9.0,9.0,9.0,9.0,9.0,9.0,9.0,9.0,9.0,9.0,9.0,9.0,9.0,9.0,9.0,9.0,9.0,9.0,9.0,9.0,9.0,9.0,9.0,9.0,9.0,9.0,9.0,9.0,9.0,9.0,9.0,9.0,9.0,9.0,9.0,9.0,9.0,9.0,9.0,9.0,9.0
soldier,covid19,9.0,9.0,9.0,9.0,0.5343963839113712,0.5406425520777702,0.5162191577255726,9.0,0.5616527423262596,0.485636692494154,0.5140581084415317,0.5015481188893318,0.5077532343566418,0.5103006064891815,0.5394494831562042,0.5644640922546387,0.5457549542188644,0.48124590888619423,9.0,9.0,0.5244105085730553,0.5017321445047855,0.5208518914878368,9.0,9.0,0.6551129668951035,9.0,9.0,9.0,9.0,9.0,9.0,9.0,9.0,9.0,9.0,9.0,9.0,9.0,9.0,9.0,9.0,9.0,9.0,9.0,9.0,9.0,9.0,9.0,9.0,9.0,9.0
win,covid19,0.4995603561401367,0.45946361124515533,0.5569119304418564,9.0,0.5106717133894563,0.4298570826649666,0.4448273032903671,0.5197218991816044,0.49235348030924797,0.47268615663051605,0.5136699266731739,0.5819767788052559,0.44842104986310005,0.5116945346817374,0.47746420837938786,0.49157833494246006,0.5830389782786369,0.5337670631706715,0.48657820373773575,0.4924290403723717,0.53548863530159,0.49679114297032356,0.49744171649217606,0.5372242592275143,0.6615083813667297,0.6130097210407257,9.0,0.7648439407348633,9.0,9.0,9.0,9.0,9.0,9.0,0.6615412086248398,9.0,0.5755811929702759,0.6892968416213989,0.5790596455335617,0.7940220236778259,0.784223198890686,0.7642700374126434,9.0,9.0,9.0,0.784890353679657,0.6285983324050903,9.0,9.0,9.0,0.8581073880195618,9.0
insurg,covid19,9.0,9.0,9.0,9.0,9.0,9.0,9.0,9.0,9.0,9.0,9.0,9.0,9.0,9.0,9.0,9.0,9.0,9.0,9.0,9.0,9.0,9.0,9.0,9.0,9.0,9.0,9.0,9.0,9.0,9.0,9.0,9.0,9.0,9.0,9.0,9.0,9.0,9.0,9.0,9.0,9.0,9.0,9.0,9.0,9.0,9.0,9.0,9.0,9.0,9.0,9.0,9.0
violenc,covid19,9.0,9.0,9.0,9.0,9.0,0.47811808437108994,9.0,0.4536021053791046,9.0,0.5099325701594353,9.0,0.6460949182510376,0.5227870345115662,0.5231071412563324,0.5624004453420639,0.5677913501858711,0.5262383446097374,0.4527736194431782,0.5361829400062561,0.550193328410387,0.5214404426515102,0.5130278822034597,9.0,9.0,9.0,9.0,9.0,9.0,9.0,9.0,9.0,0.6432290077209473,9.0,9.0,9.0,9.0,9.0,9.0,9.0,9.0,0.6756196618080139,9.0,9.0,9.0,9.0,9.0,9.0,9.0,9.0,9.0,9.0,9.0
fought,covid19,9.0,9.0,9.0,9.0,9.0,9.0,9.0,9.0,0.5599644780158997,0.5033175153657794,9.0,0.5394912585616112,9.0,0.5278889816254377,9.0,9.0,0.5498313419520855,0.5048626502975821,9.0,9.0,9.0,9.0,9.0,9.0,9.0,9.0,9.0,9.0,9.0,9.0,9.0,9.0,9.0,9.0,9.0,9.0,9.0,9.0,9.0,9.0,9.0,9.0,9.0,9.0,9.0,9.0,9.0,9.0,9.0,9.0,9.0,9.0
gunfight,covid19,9.0,9.0,9.0,9.0,9.0,9.0,9.0,9.0,9.0,9.0,9.0,9.0,9.0,9.0,9.0,9.0,9.0,9.0,9.0,9.0,9.0,9.0,9.0,9.0,9.0,9.0,9.0,9.0,9.0,9.0,9.0,9.0,9.0,9.0,9.0,9.0,9.0,9.0,9.0,9.0,9.0,9.0,9.0,9.0,9.0,9.0,9.0,9.0,9.0,9.0,9.0,9.0
raider,covid19,9.0,9.0,9.0,9.0,9.0,9.0,9.0,9.0,9.0,9.0,9.0,9.0,9.0,9.0,9.0,9.0,9.0,9.0,9.0,9.0,9.0,9.0,9.0,9.0,9.0,9.0,9.0,9.0,9.0,9.0,9.0,9.0,9.0,9.0,9.0,9.0,9.0,9.0,9.0,9.0,9.0,9.0,9.0,9.0,9.0,9.0,9.0,9.0,9.0,9.0,9.0,9.0
kill,covid19,0.47409032471477985,0.507763396948576,0.5171415060758591,0.5399330705404282,0.4877290800213814,0.504102174192667,0.5272839479148388,0.4733591079711914,0.42679687589406967,0.4620051272213459,0.47337052784860134,0.44616106152534485,0.43546072393655777,0.49055285565555096,0.4835647940635681,0.45151787251234055,0.48853604681789875,0.42846672236919403,0.4971388876438141,0.4931544102728367,0.4899079008027911,0.4704632945358753,0.5018402459099889,0.517531294375658,0.6318432837724686,0.5446180701255798,0.5097603853791952,0.5677148625254631,0.5481128506362438,0.5692024379968643,0.6480980515480042,0.543731726706028,0.6270483881235123,0.5118403974920511,0.6958962380886078,0.7085681557655334,0.6021057441830635,0.6124287769198418,0.6580100059509277,0.8384190201759338,0.807248592376709,0.9202237725257874,0.8191625773906708,0.9728405475616455,0.634283721446991,0.8799820244312286,0.8227025270462036,0.7831218540668488,0.7769098281860352,0.6228199303150177,0.7908068895339966,0.6004882901906967
armor,covid19,9.0,9.0,9.0,9.0,9.0,9.0,9.0,9.0,9.0,9.0,9.0,9.0,9.0,9.0,9.0,9.0,9.0,9.0,9.0,9.0,9.0,9.0,9.0,9.0,9.0,9.0,9.0,9.0,9.0,9.0,9.0,9.0,9.0,9.0,9.0,9.0,9.0,9.0,9.0,9.0,9.0,9.0,9.0,9.0,9.0,9.0,9.0,9.0,9.0,9.0,9.0,9.0
homeland,covid19,9.0,9.0,9.0,9.0,0.45143676549196243,9.0,9.0,9.0,9.0,9.0,9.0,9.0,9.0,9.0,9.0,9.0,9.0,9.0,9.0,9.0,9.0,9.0,9.0,9.0,9.0,9.0,9.0,9.0,9.0,9.0,9.0,9.0,9.0,9.0,9.0,9.0,9.0,9.0,9.0,9.0,9.0,9.0,9.0,9.0,9.0,9.0,9.0,9.0,9.0,9.0,9.0,9.0
warrior,covid19,9.0,9.0,9.0,9.0,9.0,9.0,0.568044401705265,9.0,9.0,9.0,0.5124817229807377,0.5115280635654926,0.5141028612852097,0.4533211998641491,0.4532448947429657,0.5138805098831654,0.47505391761660576,0.44448693469166756,0.44758810847997665,0.48307983949780464,0.49023946933448315,0.45445146039128304,0.5131430123001337,9.0,9.0,9.0,9.0,9.0,9.0,9.0,9.0,9.0,9.0,9.0,9.0,9.0,9.0,9.0,9.0,9.0,9.0,9.0,9.0,9.0,9.0,9.0,9.0,9.0,9.0,9.0,9.0,9.0
tactic,covid19,9.0,9.0,9.0,9.0,9.0,0.4171530604362488,0.5304965227842331,9.0,9.0,9.0,9.0,9.0,0.534403745085001,9.0,9.0,0.48370783776044846,9.0,9.0,9.0,9.0,9.0,9.0,9.0,9.0,9.0,9.0,9.0,9.0,9.0,9.0,9.0,9.0,9.0,9.0,9.0,9.0,9.0,9.0,9.0,9.0,9.0,9.0,9.0,9.0,9.0,9.0,9.0,9.0,9.0,9.0,9.0,9.0
killer,covid19,0.5870686620473862,9.0,9.0,9.0,9.0,9.0,0.5100565813481808,9.0,9.0,0.5221081450581551,9.0,0.5106567982584238,9.0,0.46350759640336037,9.0,9.0,0.5163516495376825,9.0,0.5292252376675606,9.0,9.0,9.0,9.0,9.0,9.0,9.0,9.0,9.0,9.0,9.0,9.0,9.0,9.0,9.0,9.0,9.0,9.0,9.0,9.0,9.0,9.0,9.0,9.0,9.0,9.0,9.0,9.0,9.0,9.0,9.0,9.0,9.0
blitzkrieg,covid19,9.0,9.0,9.0,9.0,9.0,9.0,9.0,9.0,9.0,9.0,9.0,9.0,9.0,9.0,9.0,9.0,9.0,9.0,9.0,9.0,9.0,9.0,9.0,9.0,9.0,9.0,9.0,9.0,9.0,9.0,9.0,9.0,9.0,9.0,9.0,9.0,9.0,9.0,9.0,9.0,9.0,9.0,9.0,9.0,9.0,9.0,9.0,9.0,9.0,9.0,9.0,9.0
combat,covid19,0.5459224432706833,0.5434936508536339,0.5834850370883942,9.0,0.43793925642967224,0.4690507184714079,0.45969997346401215,0.5000595096498728,0.5374866351485252,0.4668233171105385,0.4430650323629379,0.4828916620463133,0.4302464425563812,0.4208783581852913,0.4535421244800091,0.4635080248117447,0.4767726194113493,0.5071574337780476,0.4965728186070919,0.5718607529997826,0.5319088026881218,0.4476397633552551,0.4896591193974018,9.0,9.0,9.0,0.6577869206666946,9.0,9.0,9.0,9.0,9.0,9.0,9.0,9.0,9.0,9.0,9.0,9.0,9.0,9.0,9.0,9.0,9.0,0.7729068696498871,9.0,9.0,9.0,9.0,9.0,9.0,9.0
bomb,covid19,9.0,9.0,9.0,9.0,9.0,9.0,0.4867978114634752,0.4962232057005167,9.0,0.5043729655444622,9.0,9.0,9.0,9.0,0.5083950031548738,9.0,9.0,0.5119491070508957,9.0,9.0,9.0,9.0,9.0,9.0,9.0,9.0,9.0,9.0,9.0,9.0,9.0,9.0,9.0,9.0,9.0,9.0,9.0,9.0,9.0,9.0,9.0,9.0,9.0,9.0,9.0,9.0,9.0,9.0,9.0,9.0,9.0,9.0
invas,covid19,9.0,9.0,9.0,9.0,9.0,9.0,0.4845340959727764,9.0,9.0,9.0,9.0,9.0,9.0,9.0,9.0,9.0,9.0,9.0,9.0,9.0,9.0,9.0,9.0,9.0,9.0,9.0,9.0,9.0,9.0,9.0,9.0,9.0,9.0,9.0,9.0,9.0,9.0,9.0,9.0,9.0,9.0,9.0,9.0,9.0,9.0,9.0,9.0,9.0,9.0,9.0,9.0,9.0
shoot,covid19,9.0,0.5270574353635311,9.0,9.0,9.0,9.0,9.0,0.5050529055297375,9.0,0.521160826086998,0.5539871901273727,0.5042538810521364,0.4924523988738656,0.49366282392293215,0.477771682664752,0.46977391839027405,0.4873184524476528,9.0,9.0,0.4740890711545944,9.0,9.0,9.0,9.0,9.0,9.0,9.0,9.0,9.0,9.0,9.0,9.0,9.0,9.0,9.0,9.0,9.0,9.0,9.0,9.0,9.0,9.0,9.0,9.0,9.0,9.0,9.0,9.0,9.0,9.0,9.0,9.0
conquer,covid19,9.0,9.0,9.0,9.0,9.0,9.0,9.0,9.0,9.0,9.0,9.0,9.0,9.0,9.0,9.0,9.0,9.0,9.0,9.0,9.0,9.0,9.0,9.0,9.0,9.0,9.0,9.0,9.0,9.0,9.0,9.0,9.0,9.0,9.0,9.0,9.0,9.0,9.0,9.0,9.0,9.0,9.0,9.0,9.0,9.0,9.0,9.0,9.0,9.0,9.0,9.0,9.0
warzon,covid19,9.0,9.0,9.0,9.0,9.0,9.0,9.0,9.0,9.0,9.0,9.0,9.0,9.0,9.0,9.0,9.0,9.0,9.0,9.0,9.0,9.0,9.0,9.0,9.0,9.0,9.0,9.0,9.0,9.0,9.0,9.0,9.0,9.0,9.0,9.0,9.0,9.0,9.0,9.0,9.0,9.0,9.0,9.0,9.0,9.0,9.0,9.0,9.0,9.0,9.0,9.0,9.0
escal,covid19,0.5946590751409531,9.0,9.0,9.0,9.0,9.0,9.0,9.0,0.6271123439073563,0.5043638097122312,9.0,9.0,9.0,9.0,9.0,9.0,9.0,9.0,9.0,9.0,9.0,9.0,9.0,9.0,9.0,9.0,9.0,9.0,9.0,9.0,9.0,9.0,9.0,9.0,9.0,9.0,9.0,9.0,9.0,9.0,9.0,9.0,9.0,9.0,9.0,9.0,9.0,9.0,9.0,9.0,9.0,9.0
sieg,covid19,9.0,9.0,9.0,9.0,9.0,9.0,9.0,9.0,9.0,9.0,9.0,9.0,9.0,9.0,9.0,9.0,9.0,9.0,9.0,9.0,9.0,9.0,9.0,9.0,9.0,9.0,9.0,9.0,9.0,9.0,9.0,9.0,9.0,9.0,9.0,9.0,9.0,9.0,9.0,9.0,9.0,9.0,9.0,9.0,9.0,9.0,9.0,9.0,9.0,9.0,9.0,9.0
battleplan,covid19,9.0,9.0,9.0,9.0,9.0,9.0,9.0,9.0,9.0,9.0,9.0,9.0,9.0,9.0,9.0,9.0,9.0,9.0,9.0,9.0,9.0,9.0,9.0,9.0,9.0,9.0,9.0,9.0,9.0,9.0,9.0,9.0,9.0,9.0,9.0,9.0,9.0,9.0,9.0,9.0,9.0,9.0,9.0,9.0,9.0,9.0,9.0,9.0,9.0,9.0,9.0,9.0
frontlin,covid19,0.531344510614872,0.5231462083756924,0.5191889926791191,9.0,9.0,9.0,9.0,0.5087080076336861,0.5526919886469841,0.5297776572406292,0.5517099983990192,0.5306859873235226,0.5419389232993126,0.4719602055847645,0.5347881801426411,0.5121829491108656,0.49974234960973263,0.5001685786992311,0.5569770112633705,0.5377241373062134,0.47541862167418003,0.5112700033932924,0.5783125832676888,9.0,9.0,9.0,9.0,9.0,9.0,9.0,9.0,9.0,9.0,9.0,9.0,9.0,9.0,9.0,9.0,9.0,9.0,9.0,9.0,9.0,9.0,9.0,9.0,0.778476744890213,0.7281587719917297,9.0,9.0,9.0
beat,covid19,9.0,9.0,0.6381683647632599,9.0,0.48196944408118725,0.4720483887940645,0.4961610361933708,0.4624146781861782,0.47139040753245354,0.4886890538036823,0.49286335334181786,0.5375742018222809,0.4761553220450878,0.461904376745224,0.44228553771972656,0.500204648822546,0.464364655315876,0.5515507012605667,0.462888490408659,0.4674699157476425,0.4423428103327751,0.4253709614276886,0.5040873847901821,0.5944323837757111,0.6143734604120255,0.6187807843089104,0.6166114211082458,9.0,0.5815252661705017,0.6534073650836945,9.0,0.5472499877214432,9.0,9.0,9.0,9.0,0.6658181548118591,9.0,9.0,0.75795778632164,9.0,0.7329800724983215,9.0,9.0,9.0,9.0,9.0,9.0,9.0,0.9344299137592316,9.0,9.0
wartim,covid19,9.0,9.0,9.0,9.0,9.0,9.0,9.0,9.0,9.0,9.0,9.0,9.0,9.0,9.0,9.0,9.0,9.0,9.0,9.0,9.0,9.0,9.0,9.0,9.0,9.0,9.0,9.0,9.0,9.0,9.0,9.0,9.0,9.0,9.0,9.0,9.0,9.0,9.0,9.0,9.0,9.0,9.0,9.0,9.0,9.0,9.0,9.0,9.0,9.0,9.0,9.0,9.0
treati,covid19,9.0,9.0,9.0,9.0,9.0,9.0,9.0,9.0,9.0,9.0,9.0,9.0,9.0,9.0,9.0,9.0,9.0,9.0,9.0,9.0,9.0,9.0,9.0,9.0,9.0,9.0,9.0,9.0,9.0,9.0,9.0,9.0,9.0,9.0,9.0,9.0,9.0,9.0,9.0,9.0,9.0,9.0,9.0,9.0,9.0,9.0,9.0,9.0,9.0,9.0,9.0,9.0
truce,covid19,9.0,9.0,9.0,9.0,9.0,9.0,9.0,9.0,9.0,9.0,9.0,9.0,9.0,9.0,9.0,9.0,9.0,9.0,9.0,9.0,9.0,9.0,9.0,9.0,9.0,9.0,9.0,9.0,9.0,9.0,9.0,9.0,9.0,9.0,9.0,9.0,9.0,9.0,9.0,9.0,9.0,9.0,9.0,9.0,9.0,9.0,9.0,9.0,9.0,9.0,9.0,9.0
attack,covid19,0.4104241132736206,0.515457283705473,0.6030523553490639,0.5445733442902565,0.41301994025707245,0.511027772910893,0.4478488862514496,0.4782549161463976,0.5215713828802109,0.5361008644104004,0.534901574254036,0.4857489913702011,0.5425420738756657,0.530744981020689,0.5730870515108109,0.4867397081106901,0.4935721531510353,0.5401439182460308,0.4967839736491442,0.5467427000403404,0.42919131368398666,0.4841012042015791,0.44490572065114975,9.0,0.5714962407946587,0.5608277097344398,0.7549650073051453,9.0,0.6027387231588364,0.7042617797851562,0.7409292310476303,0.5573010817170143,0.6474308222532272,0.5054332911968231,9.0,0.7178510427474976,0.5412696450948715,9.0,0.553828988224268,0.8075360059738159,0.896640419960022,9.0,9.0,9.0,9.0,9.0,9.0,9.0,9.0,9.0,9.0,9.0
alli,covid19,9.0,0.5113433543592691,9.0,9.0,0.4426249787211418,9.0,0.5460452735424042,9.0,0.5385767072439194,0.46114975214004517,0.4894849546253681,0.5209550485014915,0.48823285289108753,0.5183912552893162,0.5246294066309929,0.45299433171749115,0.5331204198300838,0.5471147857606411,9.0,0.43219348788261414,0.5322310552001,0.4617297612130642,9.0,9.0,9.0,9.0,9.0,9.0,9.0,9.0,9.0,9.0,9.0,9.0,9.0,9.0,9.0,9.0,9.0,9.0,9.0,9.0,9.0,9.0,9.0,9.0,9.0,9.0,9.0,9.0,9.0,9.0
fighter,covid19,9.0,9.0,9.0,9.0,9.0,9.0,9.0,9.0,9.0,9.0,9.0,0.4720658175647259,9.0,9.0,0.4197528660297394,9.0,9.0,9.0,9.0,9.0,9.0,9.0,9.0,9.0,9.0,9.0,9.0,9.0,9.0,9.0,9.0,9.0,9.0,9.0,9.0,9.0,9.0,9.0,9.0,9.0,9.0,9.0,9.0,9.0,9.0,9.0,9.0,9.0,9.0,9.0,9.0,9.0
liber,covid19,9.0,9.0,9.0,9.0,0.547515656799078,0.520539678633213,0.5363828465342522,0.52758764103055,0.5428940951824188,0.5173947475850582,0.5392669588327408,0.46387042477726936,0.45864543318748474,0.5127130839973688,0.46011701226234436,0.4594065248966217,0.5259021520614624,0.5393611490726471,0.4932458773255348,0.45878198742866516,0.5125772785395384,0.484332537278533,0.554516389966011,0.5879486948251724,9.0,9.0,9.0,9.0,9.0,9.0,9.0,9.0,9.0,9.0,9.0,9.0,9.0,9.0,9.0,9.0,9.0,9.0,9.0,9.0,9.0,9.0,9.0,9.0,9.0,9.0,9.0,9.0
peac,covid19,0.49287375062704086,0.46482355892658234,9.0,9.0,9.0,9.0,9.0,9.0,0.488141349516809,0.5181354694068432,0.4748251475393772,0.4574071504175663,0.46695416793227196,0.5058137625455856,0.4786714557558298,0.4409824535250664,0.5204932242631912,0.4664531461894512,0.5311017706990242,0.49813911877572536,0.47711645998060703,0.49545686691999435,0.5615881085395813,0.550712376832962,9.0,9.0,9.0,9.0,9.0,0.6192070841789246,9.0,9.0,9.0,9.0,9.0,9.0,9.0,9.0,9.0,9.0,9.0,9.0,9.0,9.0,9.0,9.0,9.0,9.0,9.0,9.0,9.0,9.0
grenad,covid19,9.0,9.0,9.0,9.0,9.0,9.0,9.0,9.0,9.0,9.0,9.0,9.0,9.0,9.0,9.0,9.0,9.0,9.0,9.0,9.0,9.0,9.0,9.0,9.0,9.0,9.0,9.0,9.0,9.0,9.0,9.0,9.0,9.0,9.0,9.0,9.0,9.0,9.0,9.0,9.0,9.0,9.0,9.0,9.0,9.0,9.0,9.0,9.0,9.0,9.0,9.0,9.0
fight,covid19,0.5147086819633842,0.5512662082910538,0.5060867089778185,0.6132952943444252,0.4768386110663414,0.42470988631248474,0.504740484058857,0.43700364232063293,0.4068986028432846,0.4109291583299637,0.4711305536329746,0.45458827167749405,0.4043557867407799,0.4299050197005272,0.4671042636036873,0.45938878133893013,0.4375058561563492,0.49488189071416855,0.4441641829907894,0.49410073459148407,0.4859194401651621,0.4258548766374588,0.4533535838127136,0.5793495029211044,0.5923751890659332,0.5249967128038406,0.6268217861652374,0.6707329005002975,0.5729005411267281,0.5133513920009136,0.7204564213752747,0.5946603566408157,0.46576258912682533,0.5451582968235016,0.674252063035965,0.838830292224884,0.553483285009861,0.639975905418396,0.5291492901742458,0.6158860325813293,0.6783550530672073,0.7752441167831421,0.9407622218132019,0.9101233780384064,0.7315517365932465,0.8633539974689484,0.6992484033107758,0.6829696744680405,0.5992999449372292,0.7832089364528656,0.8000682890415192,0.7888261675834656
front,covid19,0.5660011321306229,0.5124073158949614,0.5405089035630226,9.0,0.5121847856789827,0.5313220992684364,0.4825279489159584,0.4988028984516859,0.5425028651952744,0.5188814662396908,0.5553154237568378,0.4947257973253727,0.5195808112621307,0.5034630931913853,0.5590957216918468,0.48450265638530254,0.5114537831395864,0.48843199387192726,0.47219484113156796,0.521076999604702,0.5379495546221733,0.48557556979358196,0.4810198936611414,9.0,9.0,9.0,9.0,9.0,9.0,9.0,9.0,9.0,9.0,9.0,9.0,0.7601996958255768,0.6394553333520889,9.0,9.0,9.0,9.0,9.0,9.0,0.8984283804893494,9.0,9.0,9.0,0.8066154420375824,9.0,9.0,9.0,9.0
riot,covid19,9.0,9.0,9.0,9.0,9.0,9.0,9.0,0.4778304472565651,9.0,9.0,9.0,9.0,9.0,9.0,9.0,9.0,9.0,9.0,0.4949189182370901,0.5261585954576731,0.4464080035686493,0.45766595751047134,0.4981702510267496,9.0,9.0,9.0,9.0,9.0,9.0,9.0,0.6040023416280746,0.6864429414272308,9.0,9.0,9.0,9.0,9.0,9.0,9.0,9.0,9.0,9.0,9.0,9.0,9.0,9.0,9.0,9.0,9.0,9.0,0.8514904975891113,9.0
vanquish,covid19,9.0,9.0,9.0,9.0,9.0,9.0,9.0,9.0,9.0,9.0,9.0,9.0,9.0,9.0,9.0,9.0,9.0,9.0,9.0,9.0,9.0,9.0,9.0,9.0,9.0,9.0,9.0,9.0,9.0,9.0,9.0,9.0,9.0,9.0,9.0,9.0,9.0,9.0,9.0,9.0,9.0,9.0,9.0,9.0,9.0,9.0,9.0,9.0,9.0,9.0,9.0,9.0
ammunit,covid19,9.0,9.0,9.0,9.0,9.0,9.0,9.0,9.0,9.0,9.0,9.0,9.0,9.0,9.0,9.0,9.0,9.0,9.0,9.0,9.0,9.0,9.0,9.0,9.0,9.0,9.0,9.0,9.0,9.0,9.0,9.0,9.0,9.0,9.0,9.0,9.0,9.0,9.0,9.0,9.0,9.0,9.0,9.0,9.0,9.0,9.0,9.0,9.0,9.0,9.0,9.0,9.0
peacetim,covid19,9.0,9.0,9.0,9.0,9.0,9.0,9.0,9.0,9.0,9.0,9.0,9.0,9.0,9.0,9.0,9.0,9.0,9.0,9.0,9.0,9.0,9.0,9.0,9.0,9.0,9.0,9.0,9.0,9.0,9.0,9.0,9.0,9.0,9.0,9.0,9.0,9.0,9.0,9.0,9.0,9.0,9.0,9.0,9.0,9.0,9.0,9.0,9.0,9.0,9.0,9.0,9.0
victori,covid19,9.0,9.0,9.0,9.0,9.0,9.0,9.0,9.0,0.4785402212291956,0.5183363799005747,0.5561429783701897,0.5338774248957634,9.0,0.5137587375938892,0.5118013080209494,0.5377504341304302,9.0,0.4761352241039276,0.4438456855714321,0.47804017178714275,0.4737656842917204,0.46745937317609787,9.0,9.0,9.0,9.0,9.0,9.0,9.0,9.0,9.0,9.0,9.0,9.0,9.0,9.0,9.0,9.0,9.0,9.0,9.0,0.7518182396888733,9.0,9.0,9.0,9.0,9.0,9.0,9.0,9.0,9.0,9.0
crusad,covid19,9.0,9.0,9.0,9.0,9.0,9.0,9.0,9.0,9.0,9.0,9.0,9.0,9.0,9.0,9.0,9.0,9.0,9.0,9.0,9.0,9.0,9.0,9.0,9.0,9.0,9.0,9.0,9.0,9.0,9.0,9.0,9.0,9.0,9.0,9.0,9.0,9.0,9.0,9.0,9.0,9.0,9.0,9.0,9.0,9.0,9.0,9.0,9.0,9.0,9.0,9.0,9.0
war,covid19,0.4601846821606159,0.5221885461360216,0.5584239922463894,0.5984881818294525,0.49455348681658506,0.514426602050662,0.4336247593164444,0.46261804550886154,0.4762691967189312,0.4620644636452198,0.5469690635800362,0.4657150134444237,0.495384206995368,0.5123844500631094,0.507035631686449,0.5202063769102097,0.5186245441436768,0.5069688842631876,0.49468638002872467,0.49819057062268257,0.5041994359344244,0.47783508710563183,0.46912131644785404,0.5108069404959679,0.6010972559452057,0.6258005946874619,0.6928943544626236,0.6683913320302963,0.543738815933466,0.619472935795784,0.6487546414136887,0.6094444841146469,0.7065745443105698,9.0,0.7758130431175232,9.0,9.0,9.0,9.0,9.0,9.0,0.8745846152305603,9.0,0.9808171987533569,0.7068919539451599,0.7211901545524597,9.0,9.0,0.7697964012622833,0.8100686073303223,0.8544199466705322,9.0
retreat,covid19,9.0,9.0,9.0,9.0,9.0,9.0,9.0,0.46667152643203735,9.0,9.0,9.0,9.0,9.0,9.0,9.0,9.0,9.0,9.0,9.0,9.0,9.0,9.0,9.0,9.0,9.0,9.0,9.0,9.0,9.0,9.0,9.0,9.0,9.0,9.0,9.0,9.0,9.0,9.0,9.0,9.0,9.0,9.0,9.0,9.0,9.0,9.0,9.0,9.0,9.0,9.0,9.0,9.0
command,covid19,9.0,9.0,9.0,9.0,0.4705626405775547,9.0,9.0,9.0,0.488836957141757,0.4546724334359169,0.4737718980759382,9.0,9.0,0.5529578998684883,0.4664566367864609,9.0,9.0,9.0,9.0,9.0,0.4716530628502369,9.0,9.0,9.0,9.0,9.0,9.0,9.0,9.0,9.0,9.0,9.0,9.0,9.0,9.0,9.0,9.0,9.0,9.0,9.0,9.0,9.0,9.0,9.0,9.0,9.0,9.0,9.0,9.0,9.0,9.0,9.0
foe,covid19,9.0,9.0,9.0,9.0,9.0,9.0,9.0,9.0,9.0,9.0,9.0,9.0,9.0,9.0,9.0,9.0,9.0,9.0,9.0,9.0,9.0,9.0,9.0,9.0,9.0,9.0,9.0,9.0,9.0,9.0,9.0,9.0,9.0,9.0,9.0,9.0,9.0,9.0,9.0,9.0,9.0,9.0,9.0,9.0,9.0,9.0,9.0,9.0,9.0,9.0,9.0,9.0
unitedfront,covid19,9.0,9.0,9.0,9.0,9.0,9.0,9.0,9.0,9.0,9.0,9.0,9.0,9.0,9.0,9.0,9.0,9.0,9.0,9.0,9.0,9.0,9.0,9.0,9.0,9.0,9.0,9.0,9.0,9.0,9.0,9.0,9.0,9.0,9.0,9.0,9.0,9.0,9.0,9.0,9.0,9.0,9.0,9.0,9.0,9.0,9.0,9.0,9.0,9.0,9.0,9.0,9.0
casualti,covid19,9.0,9.0,9.0,9.0,0.5433246567845345,9.0,9.0,9.0,9.0,9.0,9.0,9.0,9.0,9.0,9.0,9.0,9.0,9.0,9.0,9.0,9.0,9.0,9.0,9.0,9.0,9.0,9.0,9.0,9.0,9.0,9.0,9.0,9.0,9.0,9.0,9.0,9.0,9.0,9.0,9.0,9.0,9.0,9.0,9.0,9.0,9.0,9.0,9.0,9.0,9.0,9.0,9.0
holocaust,covid19,9.0,9.0,9.0,9.0,9.0,9.0,9.0,9.0,9.0,9.0,9.0,9.0,9.0,9.0,9.0,9.0,9.0,9.0,9.0,9.0,9.0,9.0,9.0,9.0,9.0,9.0,9.0,9.0,9.0,9.0,9.0,9.0,9.0,9.0,9.0,9.0,9.0,9.0,9.0,9.0,9.0,9.0,9.0,9.0,9.0,9.0,9.0,9.0,9.0,9.0,9.0,9.0
troop,covid19,9.0,9.0,9.0,9.0,9.0,9.0,9.0,0.5105967000126839,0.5272130221128464,0.5416466891765594,9.0,9.0,0.5255748368799686,9.0,9.0,9.0,9.0,9.0,0.4766545481979847,0.5873811542987823,9.0,9.0,0.538574505597353,9.0,9.0,9.0,9.0,9.0,9.0,9.0,9.0,9.0,9.0,9.0,9.0,9.0,9.0,9.0,9.0,9.0,9.0,9.0,9.0,9.0,9.0,9.0,9.0,9.0,9.0,9.0,9.0,9.0
invad,covid19,9.0,9.0,9.0,9.0,9.0,9.0,9.0,9.0,9.0,9.0,9.0,9.0,9.0,9.0,0.47965008579194546,9.0,0.5155414789915085,9.0,9.0,9.0,9.0,9.0,9.0,9.0,9.0,9.0,9.0,9.0,9.0,9.0,9.0,9.0,9.0,9.0,9.0,9.0,9.0,9.0,9.0,9.0,9.0,9.0,9.0,9.0,9.0,9.0,9.0,9.0,9.0,9.0,9.0,9.0
battlefield,covid19,9.0,9.0,9.0,9.0,9.0,9.0,9.0,9.0,9.0,9.0,9.0,9.0,9.0,9.0,9.0,9.0,9.0,9.0,9.0,9.0,9.0,9.0,9.0,9.0,9.0,9.0,9.0,9.0,9.0,9.0,9.0,9.0,9.0,9.0,9.0,9.0,9.0,9.0,9.0,9.0,9.0,9.0,9.0,9.0,9.0,9.0,9.0,9.0,9.0,9.0,9.0,9.0
tank,covid19,9.0,9.0,9.0,9.0,0.4281782731413841,0.45645204186439514,0.46384038403630257,9.0,0.45183877646923065,0.505357850342989,0.5242527537047863,9.0,9.0,9.0,9.0,9.0,9.0,9.0,9.0,9.0,9.0,0.512934916652739,9.0,9.0,9.0,9.0,9.0,9.0,9.0,9.0,9.0,9.0,9.0,9.0,9.0,9.0,9.0,9.0,9.0,9.0,9.0,9.0,9.0,9.0,9.0,9.0,9.0,9.0,9.0,9.0,9.0,9.0
campaign,covid19,9.0,9.0,9.0,0.582670696079731,0.5232316330075264,0.4496297910809517,0.46281522139906883,0.46113526076078415,0.4508172385394573,0.5330990292131901,0.4849467845633626,0.4901770390570164,0.4895322136580944,0.5278939865529537,0.4848535619676113,0.5088786780834198,0.5230620689690113,0.46912170201539993,0.5118932239711285,0.5082953087985516,0.530390202999115,0.5203538499772549,0.49798645451664925,0.5592377968132496,0.6401935964822769,0.5968667715787888,9.0,0.6925873756408691,0.5536067336797714,0.6202209889888763,0.6503352522850037,0.5953914672136307,9.0,0.5645367428660393,0.6927317231893539,0.727653294801712,0.5683856979012489,0.6088008210062981,0.6568548232316971,0.8130479156970978,0.8210131525993347,0.8359769582748413,0.9079208970069885,0.9764158725738525,9.0,9.0,9.0,9.0,0.8386825323104858,9.0,9.0,0.6198216378688812
warfar,covid19,0.5113882273435593,0.5085973404347897,0.5570636838674545,9.0,9.0,9.0,9.0,9.0,9.0,9.0,9.0,9.0,9.0,9.0,9.0,9.0,9.0,9.0,0.46152038499712944,9.0,0.5261290166527033,9.0,9.0,9.0,9.0,9.0,9.0,9.0,9.0,9.0,9.0,9.0,9.0,9.0,9.0,9.0,9.0,9.0,9.0,9.0,9.0,9.0,9.0,9.0,9.0,9.0,9.0,9.0,9.0,9.0,9.0,9.0
target,covid19,9.0,0.5656470730900764,0.5888835042715073,9.0,0.5328530445694923,0.5067103770561516,0.4633413702249527,0.415833443403244,0.5765075758099556,0.4681621268391609,0.5250989682972431,0.5137245692312717,0.5157915987074375,0.479022990912199,0.4698720593005419,0.5246322993189096,0.4781931843608618,0.5149991884827614,0.5551725514233112,0.4651542082428932,0.5450546033680439,0.553413238376379,9.0,9.0,9.0,0.626014307141304,9.0,9.0,9.0,9.0,9.0,0.6023018658161163,9.0,9.0,9.0,9.0,9.0,9.0,9.0,9.0,9.0,9.0,9.0,9.0,9.0,9.0,9.0,9.0,9.0,9.0,9.0,9.0
conquest,covid19,9.0,9.0,9.0,9.0,9.0,9.0,9.0,9.0,9.0,9.0,9.0,9.0,9.0,9.0,9.0,9.0,9.0,9.0,9.0,9.0,9.0,9.0,9.0,9.0,9.0,9.0,9.0,9.0,9.0,9.0,9.0,9.0,9.0,9.0,9.0,9.0,9.0,9.0,9.0,9.0,9.0,9.0,9.0,9.0,9.0,9.0,9.0,9.0,9.0,9.0,9.0,9.0
threat,covid19,0.44092926755547523,0.5503171905875206,0.5285082962363958,0.513699846342206,0.4768195766955614,0.4724391773343086,0.5237281061708927,0.4810373466461897,0.4560392051935196,0.49918679147958755,0.4802435263991356,0.5157974809408188,0.4305771663784981,0.47189428471028805,0.5016724318265915,0.4942312827333808,0.5186121836304665,0.4557647742331028,0.5474482849240303,0.4716913141310215,0.6107792258262634,0.4930337034165859,0.5091305747628212,9.0,0.5671407803893089,0.5643519461154938,9.0,9.0,9.0,0.6670657098293304,0.6119425073266029,0.5404603481292725,0.636860266327858,0.5225820615887642,9.0,0.7602965235710144,0.568283811211586,0.6410168409347534,9.0,9.0,9.0,9.0,9.0,9.0,9.0,9.0,9.0,9.0,9.0,9.0,9.0,9.0
defens,covid19,0.5516311898827553,9.0,9.0,9.0,0.448614165186882,0.5141214393079281,0.5396445356309414,0.5381176918745041,0.5171728245913982,0.4642694741487503,0.452982597053051,0.5342657789587975,9.0,0.5429348647594452,0.49798737093806267,0.5040591899305582,0.44750285893678665,0.5080287903547287,0.43090903759002686,9.0,0.4789062365889549,9.0,9.0,9.0,9.0,9.0,9.0,9.0,9.0,9.0,9.0,9.0,9.0,9.0,9.0,9.0,9.0,9.0,9.0,9.0,9.0,9.0,9.0,9.0,9.0,9.0,9.0,9.0,9.0,9.0,9.0,9.0
guerrilla,covid19,9.0,9.0,9.0,9.0,9.0,9.0,9.0,9.0,9.0,9.0,9.0,9.0,9.0,9.0,9.0,9.0,9.0,9.0,9.0,9.0,9.0,9.0,9.0,9.0,9.0,9.0,9.0,9.0,9.0,9.0,9.0,9.0,9.0,9.0,9.0,9.0,9.0,9.0,9.0,9.0,9.0,9.0,9.0,9.0,9.0,9.0,9.0,9.0,9.0,9.0,9.0,9.0
flank,covid19,9.0,9.0,9.0,9.0,9.0,9.0,9.0,9.0,9.0,9.0,9.0,9.0,9.0,9.0,9.0,9.0,9.0,9.0,9.0,9.0,9.0,9.0,9.0,9.0,9.0,9.0,9.0,9.0,9.0,9.0,9.0,9.0,9.0,9.0,9.0,9.0,9.0,9.0,9.0,9.0,9.0,9.0,9.0,9.0,9.0,9.0,9.0,9.0,9.0,9.0,9.0,9.0
salvo,covid19,9.0,9.0,9.0,9.0,9.0,9.0,9.0,9.0,9.0,9.0,9.0,9.0,9.0,9.0,9.0,9.0,9.0,9.0,9.0,9.0,9.0,9.0,9.0,9.0,9.0,9.0,9.0,9.0,9.0,9.0,9.0,9.0,9.0,9.0,9.0,9.0,9.0,9.0,9.0,9.0,9.0,9.0,9.0,9.0,9.0,9.0,9.0,9.0,9.0,9.0,9.0,9.0
armament,covid19,9.0,9.0,9.0,9.0,9.0,9.0,9.0,9.0,9.0,9.0,9.0,9.0,9.0,9.0,9.0,9.0,9.0,9.0,9.0,9.0,9.0,9.0,9.0,9.0,9.0,9.0,9.0,9.0,9.0,9.0,9.0,9.0,9.0,9.0,9.0,9.0,9.0,9.0,9.0,9.0,9.0,9.0,9.0,9.0,9.0,9.0,9.0,9.0,9.0,9.0,9.0,9.0
ceasefir,covid19,9.0,9.0,9.0,9.0,9.0,9.0,9.0,9.0,0.5235147941857576,9.0,9.0,9.0,9.0,9.0,9.0,9.0,9.0,9.0,9.0,9.0,9.0,9.0,9.0,9.0,9.0,9.0,9.0,9.0,9.0,9.0,9.0,9.0,9.0,9.0,9.0,9.0,9.0,9.0,9.0,9.0,9.0,9.0,9.0,9.0,9.0,9.0,9.0,9.0,9.0,9.0,9.0,9.0
conflict,covid19,9.0,0.4919424708932638,9.0,9.0,9.0,9.0,9.0,9.0,0.5354681275784969,0.46924943663179874,9.0,0.5015548253431916,0.5170128270983696,9.0,9.0,9.0,0.4486583583056927,0.5030528400093317,9.0,0.4884510273113847,9.0,9.0,9.0,9.0,9.0,9.0,9.0,9.0,9.0,9.0,9.0,9.0,9.0,9.0,9.0,9.0,9.0,9.0,9.0,9.0,9.0,9.0,9.0,9.0,9.0,9.0,9.0,9.0,9.0,9.0,9.0,9.0
defeat,covid19,0.47339995950460434,9.0,9.0,9.0,0.5063405483961105,0.5182225666940212,0.44052835926413536,0.5137929506599903,0.44014593586325645,0.4494851753115654,0.5789587795734406,0.49557752162218094,0.4851738028228283,0.5326683819293976,0.4657325707376003,0.47440527006983757,0.5145195499062538,0.4861222170293331,0.5198288634419441,0.4143107235431671,0.4219606816768646,0.43741485476493835,0.5082243755459785,0.5842963755130768,9.0,0.5190318673849106,0.6243434995412827,0.5686912089586258,9.0,9.0,9.0,9.0,9.0,9.0,9.0,0.7327268421649933,9.0,9.0,9.0,9.0,9.0,9.0,9.0,9.0,9.0,9.0,9.0,9.0,9.0,9.0,9.0,9.0
minefield,covid19,9.0,9.0,9.0,9.0,9.0,9.0,9.0,9.0,9.0,9.0,9.0,9.0,9.0,9.0,9.0,9.0,9.0,9.0,9.0,9.0,9.0,9.0,9.0,9.0,9.0,9.0,9.0,9.0,9.0,9.0,9.0,9.0,9.0,9.0,9.0,9.0,9.0,9.0,9.0,9.0,9.0,9.0,9.0,9.0,9.0,9.0,9.0,9.0,9.0,9.0,9.0,9.0
gun,covid19,9.0,9.0,9.0,0.45618363842368126,0.45775507017970085,0.4721181895583868,0.5551830418407917,0.45790113136172295,0.4799906797707081,0.4918850427493453,0.5040770322084427,0.4844965236261487,0.46305902674794197,0.521845193579793,0.4883427806198597,0.5288588535040617,0.5214994624257088,0.5124959331005812,0.5480109117925167,0.5151849873363972,9.0,9.0,9.0,9.0,9.0,9.0,9.0,9.0,9.0,9.0,9.0,9.0,9.0,9.0,9.0,9.0,9.0,9.0,9.0,9.0,0.6948813647031784,9.0,9.0,9.0,9.0,9.0,9.0,9.0,9.0,9.0,9.0,9.0
allianc,covid19,9.0,9.0,9.0,9.0,9.0,9.0,9.0,9.0,9.0,9.0,9.0,9.0,9.0,9.0,9.0,9.0,9.0,9.0,9.0,9.0,0.5340032279491425,9.0,9.0,9.0,9.0,9.0,9.0,9.0,9.0,9.0,9.0,9.0,9.0,9.0,9.0,9.0,9.0,9.0,9.0,9.0,9.0,9.0,9.0,9.0,9.0,9.0,9.0,9.0,9.0,9.0,9.0,9.0
resist,covid19,9.0,9.0,9.0,9.0,0.47129638865590096,0.5267913825809956,0.4764035642147064,0.4640706405043602,0.559674795717001,0.6159784346818924,0.5448038727045059,0.5560642778873444,0.5731005221605301,0.49764784425497055,0.5220597423613071,9.0,0.46664560958743095,0.528519731014967,0.5606018006801605,0.4975744029507041,0.46538255363702774,0.462153859436512,9.0,0.6310114413499832,9.0,9.0,9.0,9.0,9.0,9.0,9.0,0.6838127225637436,9.0,9.0,9.0,9.0,9.0,9.0,9.0,9.0,9.0,9.0,9.0,9.0,9.0,9.0,9.0,9.0,9.0,9.0,9.0,9.0
fire,covid19,0.5356402359902859,0.5101183541119099,0.5579546242952347,9.0,0.5188353396952152,0.5193852353841066,0.5733990669250488,0.5487708002328873,0.43151162564754486,0.482042133808136,0.5021905452013016,0.42359842360019684,0.49064076971262693,0.494170356541872,0.42431674152612686,0.6008136719465256,0.5088755786418915,0.45991288870573044,0.4883184880018234,0.48380353674292564,0.47844716534018517,0.5339430496096611,0.5350755825638771,9.0,0.5458968207240105,9.0,9.0,9.0,9.0,9.0,0.7938351035118103,9.0,9.0,9.0,9.0,9.0,9.0,9.0,0.7061623483896255,9.0,9.0,0.8423397541046143,9.0,9.0,9.0,9.0,9.0,9.0,9.0,9.0,9.0,0.8006975650787354
artilleri,covid19,9.0,9.0,9.0,9.0,9.0,9.0,9.0,9.0,9.0,9.0,9.0,9.0,9.0,9.0,9.0,9.0,9.0,9.0,9.0,9.0,9.0,9.0,9.0,9.0,9.0,9.0,9.0,9.0,9.0,9.0,9.0,9.0,9.0,9.0,9.0,9.0,9.0,9.0,9.0,9.0,9.0,9.0,9.0,9.0,9.0,9.0,9.0,9.0,9.0,9.0,9.0,9.0
chlorin,covid19,9.0,9.0,9.0,9.0,9.0,9.0,9.0,0.5143523411825299,9.0,9.0,9.0,9.0,9.0,9.0,9.0,9.0,9.0,9.0,9.0,9.0,9.0,9.0,9.0,9.0,9.0,9.0,9.0,9.0,9.0,9.0,9.0,9.0,9.0,9.0,9.0,9.0,9.0,9.0,9.0,9.0,9.0,9.0,9.0,9.0,9.0,9.0,9.0,9.0,9.0,9.0,9.0,9.0
chip,covid19,9.0,9.0,9.0,9.0,9.0,9.0,9.0,9.0,9.0,9.0,9.0,9.0,9.0,9.0,9.0,9.0,9.0,9.0,9.0,9.0,9.0,9.0,9.0,9.0,9.0,9.0,9.0,9.0,9.0,9.0,9.0,9.0,9.0,9.0,9.0,9.0,9.0,9.0,9.0,9.0,9.0,9.0,9.0,9.0,9.0,9.0,9.0,9.0,9.0,9.0,9.0,9.0
unreport,covid19,9.0,9.0,9.0,9.0,9.0,9.0,9.0,9.0,9.0,9.0,9.0,9.0,9.0,9.0,9.0,9.0,9.0,9.0,9.0,9.0,9.0,9.0,9.0,9.0,9.0,9.0,9.0,9.0,9.0,9.0,9.0,9.0,9.0,9.0,9.0,9.0,9.0,9.0,9.0,9.0,9.0,9.0,9.0,9.0,9.0,9.0,9.0,9.0,9.0,9.0,9.0,9.0
electromagnet,covid19,9.0,9.0,9.0,9.0,9.0,9.0,9.0,9.0,9.0,9.0,9.0,9.0,9.0,9.0,9.0,9.0,9.0,9.0,9.0,9.0,9.0,9.0,9.0,9.0,9.0,9.0,9.0,9.0,9.0,9.0,9.0,9.0,9.0,9.0,9.0,9.0,9.0,9.0,9.0,9.0,9.0,9.0,9.0,9.0,9.0,9.0,9.0,9.0,9.0,9.0,9.0,9.0
antibiot,covid19,9.0,0.5451071411371231,9.0,9.0,9.0,9.0,9.0,9.0,9.0,9.0,9.0,0.5448600202798843,9.0,9.0,9.0,9.0,9.0,9.0,9.0,9.0,9.0,9.0,9.0,9.0,9.0,9.0,9.0,9.0,9.0,9.0,9.0,9.0,9.0,9.0,9.0,9.0,9.0,9.0,9.0,9.0,9.0,9.0,9.0,9.0,9.0,9.0,9.0,9.0,9.0,9.0,9.0,9.0
microchip,covid19,9.0,9.0,9.0,9.0,9.0,9.0,9.0,9.0,9.0,9.0,9.0,9.0,9.0,9.0,9.0,9.0,9.0,9.0,9.0,9.0,9.0,9.0,9.0,9.0,9.0,9.0,9.0,9.0,9.0,9.0,9.0,9.0,9.0,9.0,9.0,9.0,9.0,9.0,9.0,9.0,9.0,9.0,9.0,9.0,9.0,9.0,9.0,9.0,9.0,0.7462421804666519,9.0,9.0
overblown,covid19,9.0,9.0,9.0,9.0,9.0,9.0,0.5140897147357464,9.0,9.0,9.0,9.0,9.0,9.0,9.0,9.0,9.0,9.0,9.0,9.0,9.0,9.0,9.0,9.0,9.0,9.0,9.0,9.0,9.0,9.0,9.0,9.0,9.0,9.0,9.0,9.0,9.0,9.0,9.0,9.0,9.0,9.0,9.0,9.0,9.0,9.0,9.0,9.0,9.0,9.0,9.0,9.0,9.0
flu,covid19,0.5387351363897324,0.5442957915365696,0.5174912326037884,0.5453658774495125,0.5956206023693085,0.6010663658380508,0.5757917836308479,0.5127069018781185,0.5341396108269691,0.5583786070346832,0.5718095749616623,0.579742893576622,0.546832337975502,0.5526274293661118,0.5777384266257286,0.5348261147737503,0.5972520932555199,0.5637306794524193,0.5249372161924839,0.525338914245367,0.5618195347487926,0.48707960173487663,0.5722775086760521,0.7168397605419159,0.6842718571424484,0.6872233599424362,0.5972263664007187,0.6841820478439331,0.5490669384598732,0.6739161312580109,0.6000231951475143,0.5720941871404648,0.609743595123291,0.5468066297471523,0.7254239320755005,0.7253132909536362,0.5853399261832237,0.6478628814220428,0.7560255229473114,0.6611354351043701,0.7362332344055176,0.8740642666816711,0.7314982861280441,0.9652807116508484,0.7278992384672165,0.933890163898468,0.9342180490493774,0.8912671804428101,0.7769664525985718,0.673657089471817,0.8687769174575806,0.7599496841430664
implant,covid19,9.0,9.0,9.0,9.0,9.0,9.0,9.0,9.0,9.0,9.0,9.0,9.0,9.0,9.0,9.0,9.0,9.0,9.0,9.0,9.0,9.0,9.0,9.0,9.0,9.0,9.0,9.0,9.0,9.0,9.0,9.0,9.0,9.0,9.0,9.0,9.0,9.0,9.0,9.0,9.0,9.0,9.0,9.0,9.0,9.0,9.0,9.0,9.0,9.0,9.0,9.0,9.0
gate,covid19,0.4732707142829895,0.515032947063446,0.5854469165205956,0.6109613850712776,0.47652423195540905,0.5010696370154619,0.4838363155722618,0.5733729973435402,0.5504928007721901,0.45687127113342285,0.5380718000233173,0.47465577349066734,0.47582433745265007,0.4922522474080324,0.5268629565834999,0.5372614972293377,0.5121326521039009,0.4507233127951622,0.49083559960126877,0.49467187747359276,0.517243130132556,0.4541144296526909,0.5055557265877724,9.0,9.0,9.0,0.6539205461740494,9.0,0.6420774906873703,0.7073265612125397,9.0,9.0,0.5883568301796913,0.6266087591648102,9.0,0.690881222486496,9.0,9.0,9.0,9.0,9.0,9.0,9.0,9.0,9.0,9.0,9.0,9.0,9.0,9.0,9.0,9.0
bleach,covid19,0.44522693008184433,9.0,9.0,9.0,9.0,9.0,9.0,0.5068707782775164,9.0,9.0,9.0,9.0,0.4955911971628666,0.5344639681279659,9.0,0.5022709416225553,0.5326324850320816,9.0,9.0,9.0,9.0,9.0,9.0,9.0,9.0,9.0,9.0,9.0,9.0,9.0,9.0,9.0,9.0,9.0,9.0,9.0,0.6586254090070724,9.0,9.0,9.0,9.0,9.0,9.0,9.0,9.0,9.0,9.0,9.0,9.0,9.0,9.0,9.0
hoax,covid19,9.0,9.0,9.0,9.0,0.4260938689112663,0.5396016128361225,0.5251489877700806,0.4563857913017273,0.47600041702389717,0.46122726425528526,0.4711583536118269,0.529040552675724,0.4447919726371765,0.4513026773929596,0.47896516136825085,0.47285274416208267,0.47223691269755363,0.4251730889081955,0.4421739801764488,0.5039711445569992,0.4863272551447153,0.47447751834988594,0.5558437183499336,9.0,0.6283231824636459,9.0,0.5759507864713669,9.0,0.5369956791400909,9.0,9.0,0.679859459400177,0.5936744585633278,0.5549627766013145,9.0,9.0,0.5287295654416084,9.0,9.0,0.7876992523670197,0.7599400281906128,9.0,9.0,0.9335831999778748,9.0,9.0,9.0,0.6844901740550995,0.6632765382528305,9.0,9.0,9.0
5g,covid19,9.0,9.0,9.0,9.0,9.0,9.0,9.0,9.0,9.0,9.0,0.5575834214687347,0.5382241681218147,0.5240460708737373,0.4957882147282362,0.5492612086236477,9.0,0.5577701963484287,9.0,0.496349910274148,0.5612093657255173,9.0,0.4778861105442047,9.0,9.0,9.0,9.0,9.0,9.0,9.0,9.0,9.0,9.0,9.0,9.0,9.0,9.0,9.0,9.0,9.0,9.0,9.0,9.0,9.0,9.0,9.0,9.0,9.0,9.0,9.0,0.7487985491752625,9.0,9.0
radiat,covid19,9.0,9.0,9.0,9.0,9.0,9.0,9.0,9.0,9.0,9.0,9.0,9.0,9.0,9.0,9.0,9.0,9.0,9.0,9.0,9.0,9.0,9.0,9.0,9.0,9.0,9.0,9.0,9.0,9.0,9.0,9.0,9.0,9.0,9.0,9.0,9.0,9.0,9.0,9.0,9.0,9.0,9.0,9.0,9.0,9.0,9.0,9.0,9.0,9.0,9.0,9.0,9.0
poc,supplement,9.0,9.0,9.0,9.0,9.0,9.0,9.0,9.0,9.0,9.0,9.0,9.0,9.0,9.0,9.0,9.0,9.0,9.0,9.0,9.0,9.0,9.0,9.0,9.0,9.0,9.0,9.0,9.0,9.0,9.0,9.0,9.0,9.0,9.0,9.0,9.0,9.0,9.0,9.0,9.0,9.0,9.0,9.0,9.0,9.0,9.0,9.0,9.0,9.0,9.0,9.0,9.0
poc,vaccin,9.0,9.0,9.0,9.0,9.0,9.0,9.0,9.0,9.0,9.0,9.0,9.0,9.0,9.0,9.0,9.0,9.0,9.0,9.0,9.0,9.0,9.0,9.0,9.0,9.0,9.0,9.0,9.0,9.0,9.0,9.0,9.0,9.0,9.0,9.0,9.0,9.0,9.0,9.0,9.0,9.0,9.0,9.0,9.0,9.0,9.0,9.0,9.0,9.0,9.0,9.0,9.0
poc,depopul,9.0,9.0,9.0,9.0,9.0,9.0,9.0,9.0,9.0,9.0,9.0,9.0,9.0,9.0,9.0,9.0,9.0,9.0,9.0,9.0,9.0,9.0,9.0,9.0,9.0,9.0,9.0,9.0,9.0,9.0,9.0,9.0,9.0,9.0,9.0,9.0,9.0,9.0,9.0,9.0,9.0,9.0,9.0,9.0,9.0,9.0,9.0,9.0,9.0,9.0,9.0,9.0
poc,water,9.0,9.0,9.0,9.0,9.0,9.0,9.0,9.0,9.0,9.0,9.0,9.0,9.0,9.0,9.0,9.0,9.0,9.0,9.0,9.0,9.0,9.0,9.0,9.0,9.0,9.0,9.0,9.0,9.0,9.0,9.0,9.0,9.0,9.0,9.0,9.0,9.0,9.0,9.0,9.0,9.0,9.0,9.0,9.0,9.0,9.0,9.0,9.0,9.0,9.0,9.0,9.0
poc,immun,9.0,9.0,9.0,9.0,9.0,9.0,9.0,9.0,9.0,9.0,9.0,9.0,9.0,9.0,9.0,9.0,9.0,9.0,9.0,9.0,9.0,9.0,9.0,9.0,9.0,9.0,9.0,9.0,9.0,9.0,9.0,9.0,9.0,9.0,9.0,9.0,9.0,9.0,9.0,9.0,9.0,9.0,9.0,9.0,9.0,9.0,9.0,9.0,9.0,9.0,9.0,9.0
poc,vitamin,9.0,9.0,9.0,9.0,9.0,9.0,9.0,9.0,9.0,9.0,9.0,9.0,9.0,9.0,9.0,9.0,9.0,9.0,9.0,9.0,9.0,9.0,9.0,9.0,9.0,9.0,9.0,9.0,9.0,9.0,9.0,9.0,9.0,9.0,9.0,9.0,9.0,9.0,9.0,9.0,9.0,9.0,9.0,9.0,9.0,9.0,9.0,9.0,9.0,9.0,9.0,9.0
poc,vit,9.0,9.0,9.0,9.0,9.0,9.0,9.0,9.0,9.0,9.0,9.0,9.0,9.0,9.0,9.0,9.0,9.0,9.0,9.0,9.0,9.0,9.0,9.0,9.0,9.0,9.0,9.0,9.0,9.0,9.0,9.0,9.0,9.0,9.0,9.0,9.0,9.0,9.0,9.0,9.0,9.0,9.0,9.0,9.0,9.0,9.0,9.0,9.0,9.0,9.0,9.0,9.0
poc,inocul,9.0,9.0,9.0,9.0,9.0,9.0,9.0,9.0,9.0,9.0,9.0,9.0,9.0,9.0,9.0,9.0,9.0,9.0,9.0,9.0,9.0,9.0,9.0,9.0,9.0,9.0,9.0,9.0,9.0,9.0,9.0,9.0,9.0,9.0,9.0,9.0,9.0,9.0,9.0,9.0,9.0,9.0,9.0,9.0,9.0,9.0,9.0,9.0,9.0,9.0,9.0,9.0
poc,colloid,9.0,9.0,9.0,9.0,9.0,9.0,9.0,9.0,9.0,9.0,9.0,9.0,9.0,9.0,9.0,9.0,9.0,9.0,9.0,9.0,9.0,9.0,9.0,9.0,9.0,9.0,9.0,9.0,9.0,9.0,9.0,9.0,9.0,9.0,9.0,9.0,9.0,9.0,9.0,9.0,9.0,9.0,9.0,9.0,9.0,9.0,9.0,9.0,9.0,9.0,9.0,9.0
poc,genocid,9.0,9.0,9.0,9.0,9.0,9.0,9.0,9.0,9.0,9.0,9.0,9.0,9.0,9.0,9.0,9.0,9.0,9.0,9.0,9.0,9.0,9.0,9.0,9.0,9.0,9.0,9.0,9.0,9.0,9.0,9.0,9.0,9.0,9.0,9.0,9.0,9.0,9.0,9.0,9.0,9.0,9.0,9.0,9.0,9.0,9.0,9.0,9.0,9.0,9.0,9.0,9.0
poc,garlic,9.0,9.0,9.0,9.0,9.0,9.0,9.0,9.0,9.0,9.0,9.0,9.0,9.0,9.0,9.0,9.0,9.0,9.0,9.0,9.0,9.0,9.0,9.0,9.0,9.0,9.0,9.0,9.0,9.0,9.0,9.0,9.0,9.0,9.0,9.0,9.0,9.0,9.0,9.0,9.0,9.0,9.0,9.0,9.0,9.0,9.0,9.0,9.0,9.0,9.0,9.0,9.0
poc,zinc,9.0,9.0,9.0,9.0,9.0,9.0,9.0,9.0,9.0,9.0,9.0,9.0,9.0,9.0,9.0,9.0,9.0,9.0,9.0,9.0,9.0,9.0,9.0,9.0,9.0,9.0,9.0,9.0,9.0,9.0,9.0,9.0,9.0,9.0,9.0,9.0,9.0,9.0,9.0,9.0,9.0,9.0,9.0,9.0,9.0,9.0,9.0,9.0,9.0,9.0,9.0,9.0
melanin,supplement,9.0,9.0,9.0,9.0,9.0,9.0,9.0,9.0,9.0,9.0,9.0,9.0,9.0,9.0,9.0,9.0,9.0,9.0,9.0,9.0,9.0,9.0,9.0,9.0,9.0,9.0,9.0,9.0,9.0,9.0,9.0,9.0,9.0,9.0,9.0,9.0,9.0,9.0,9.0,9.0,9.0,9.0,9.0,9.0,9.0,9.0,9.0,9.0,9.0,9.0,9.0,9.0
melanin,vaccin,9.0,9.0,9.0,9.0,9.0,9.0,9.0,9.0,9.0,9.0,9.0,9.0,9.0,9.0,9.0,9.0,9.0,9.0,9.0,9.0,9.0,9.0,9.0,9.0,9.0,9.0,9.0,9.0,9.0,9.0,9.0,9.0,9.0,9.0,9.0,9.0,9.0,9.0,9.0,9.0,9.0,9.0,9.0,9.0,9.0,9.0,9.0,9.0,9.0,9.0,9.0,9.0
melanin,depopul,9.0,9.0,9.0,9.0,9.0,9.0,9.0,9.0,9.0,9.0,9.0,9.0,9.0,9.0,9.0,9.0,9.0,9.0,9.0,9.0,9.0,9.0,9.0,9.0,9.0,9.0,9.0,9.0,9.0,9.0,9.0,9.0,9.0,9.0,9.0,9.0,9.0,9.0,9.0,9.0,9.0,9.0,9.0,9.0,9.0,9.0,9.0,9.0,9.0,9.0,9.0,9.0
melanin,water,9.0,9.0,9.0,9.0,9.0,9.0,9.0,9.0,9.0,9.0,9.0,9.0,9.0,9.0,9.0,9.0,9.0,9.0,9.0,9.0,9.0,9.0,9.0,9.0,9.0,9.0,9.0,9.0,9.0,9.0,9.0,9.0,9.0,9.0,9.0,9.0,9.0,9.0,9.0,9.0,9.0,9.0,9.0,9.0,9.0,9.0,9.0,9.0,9.0,9.0,9.0,9.0
melanin,immun,9.0,9.0,9.0,9.0,9.0,9.0,9.0,9.0,9.0,9.0,9.0,9.0,9.0,9.0,9.0,9.0,9.0,9.0,9.0,9.0,9.0,9.0,9.0,9.0,9.0,9.0,9.0,9.0,9.0,9.0,9.0,9.0,9.0,9.0,9.0,9.0,9.0,9.0,9.0,9.0,9.0,9.0,9.0,9.0,9.0,9.0,9.0,9.0,9.0,9.0,9.0,9.0
melanin,vitamin,9.0,9.0,9.0,9.0,9.0,9.0,9.0,9.0,9.0,9.0,9.0,9.0,9.0,9.0,9.0,9.0,9.0,9.0,9.0,9.0,9.0,9.0,9.0,9.0,9.0,9.0,9.0,9.0,9.0,9.0,9.0,9.0,9.0,9.0,9.0,9.0,9.0,9.0,9.0,9.0,9.0,9.0,9.0,9.0,9.0,9.0,9.0,9.0,9.0,9.0,9.0,9.0
melanin,vit,9.0,9.0,9.0,9.0,9.0,9.0,9.0,9.0,9.0,9.0,9.0,9.0,9.0,9.0,9.0,9.0,9.0,9.0,9.0,9.0,9.0,9.0,9.0,9.0,9.0,9.0,9.0,9.0,9.0,9.0,9.0,9.0,9.0,9.0,9.0,9.0,9.0,9.0,9.0,9.0,9.0,9.0,9.0,9.0,9.0,9.0,9.0,9.0,9.0,9.0,9.0,9.0
melanin,inocul,9.0,9.0,9.0,9.0,9.0,9.0,9.0,9.0,9.0,9.0,9.0,9.0,9.0,9.0,9.0,9.0,9.0,9.0,9.0,9.0,9.0,9.0,9.0,9.0,9.0,9.0,9.0,9.0,9.0,9.0,9.0,9.0,9.0,9.0,9.0,9.0,9.0,9.0,9.0,9.0,9.0,9.0,9.0,9.0,9.0,9.0,9.0,9.0,9.0,9.0,9.0,9.0
melanin,colloid,9.0,9.0,9.0,9.0,9.0,9.0,9.0,9.0,9.0,9.0,9.0,9.0,9.0,9.0,9.0,9.0,9.0,9.0,9.0,9.0,9.0,9.0,9.0,9.0,9.0,9.0,9.0,9.0,9.0,9.0,9.0,9.0,9.0,9.0,9.0,9.0,9.0,9.0,9.0,9.0,9.0,9.0,9.0,9.0,9.0,9.0,9.0,9.0,9.0,9.0,9.0,9.0
melanin,genocid,9.0,9.0,9.0,9.0,9.0,9.0,9.0,9.0,9.0,9.0,9.0,9.0,9.0,9.0,9.0,9.0,9.0,9.0,9.0,9.0,9.0,9.0,9.0,9.0,9.0,9.0,9.0,9.0,9.0,9.0,9.0,9.0,9.0,9.0,9.0,9.0,9.0,9.0,9.0,9.0,9.0,9.0,9.0,9.0,9.0,9.0,9.0,9.0,9.0,9.0,9.0,9.0
melanin,garlic,9.0,9.0,9.0,9.0,9.0,9.0,9.0,9.0,9.0,9.0,9.0,9.0,9.0,9.0,9.0,9.0,9.0,9.0,9.0,9.0,9.0,9.0,9.0,9.0,9.0,9.0,9.0,9.0,9.0,9.0,9.0,9.0,9.0,9.0,9.0,9.0,9.0,9.0,9.0,9.0,9.0,9.0,9.0,9.0,9.0,9.0,9.0,9.0,9.0,9.0,9.0,9.0
melanin,zinc,9.0,9.0,9.0,9.0,9.0,9.0,9.0,9.0,9.0,9.0,9.0,9.0,9.0,9.0,9.0,9.0,9.0,9.0,9.0,9.0,9.0,9.0,9.0,9.0,9.0,9.0,9.0,9.0,9.0,9.0,9.0,9.0,9.0,9.0,9.0,9.0,9.0,9.0,9.0,9.0,9.0,9.0,9.0,9.0,9.0,9.0,9.0,9.0,9.0,9.0,9.0,9.0
africa,supplement,9.0,9.0,9.0,9.0,9.0,0.4043186753988266,0.44581738486886024,9.0,9.0,9.0,9.0,9.0,9.0,9.0,9.0,9.0,9.0,9.0,9.0,9.0,9.0,9.0,9.0,9.0,9.0,9.0,9.0,9.0,9.0,9.0,9.0,9.0,9.0,9.0,9.0,9.0,9.0,9.0,9.0,9.0,9.0,9.0,9.0,9.0,9.0,9.0,9.0,9.0,9.0,9.0,9.0,9.0
africa,vaccin,0.5709608420729637,0.5956107676029205,0.6797139942646027,0.5944215133786201,0.502982669044286,0.43846796452999115,0.5491889864206314,0.5009471382945776,0.5790545716881752,0.6476128250360489,0.8479683995246887,0.6348156332969666,0.5901688486337662,0.5681398063898087,0.6201221793889999,0.5207387693226337,0.5316785722970963,0.5571900419890881,0.47877568006515503,0.5724879056215286,0.5363746359944344,0.6446696668863297,0.8036540746688843,0.5186486802995205,0.6723276376724243,0.6769616603851318,0.6512279659509659,0.7481522411108017,9.0,9.0,9.0,9.0,0.6230665892362595,9.0,9.0,0.6814751923084259,9.0,9.0,9.0,9.0,9.0,9.0,9.0,9.0,9.0,9.0,9.0,9.0,9.0,9.0,0.929195761680603,9.0
africa,depopul,9.0,9.0,9.0,9.0,9.0,9.0,9.0,9.0,9.0,9.0,9.0,9.0,9.0,9.0,9.0,9.0,9.0,9.0,9.0,9.0,9.0,9.0,9.0,9.0,9.0,9.0,9.0,9.0,9.0,9.0,9.0,9.0,9.0,9.0,9.0,9.0,9.0,9.0,9.0,9.0,9.0,9.0,9.0,9.0,9.0,9.0,9.0,9.0,9.0,9.0,9.0,9.0
africa,water,0.5556806549429893,0.498202309012413,0.4817572347819805,9.0,0.5925441533327103,0.3891030177474022,0.4728025197982788,0.40986214578151703,0.47331750206649303,0.3727417588233948,0.5213451627641916,0.46993270702660084,0.5368642695248127,0.3878558874130249,0.5428773425519466,0.49286436662077904,0.456261582672596,0.39407098293304443,0.5093908943235874,0.41186142712831497,0.5192874856293201,0.5746145248413086,0.6884968429803848,0.5658717006444931,9.0,9.0,9.0,9.0,9.0,9.0,9.0,9.0,9.0,9.0,9.0,9.0,9.0,9.0,9.0,9.0,9.0,9.0,9.0,9.0,9.0,9.0,9.0,9.0,9.0,9.0,9.0,9.0
africa,immun,0.3636620491743088,0.499276801943779,0.8013601303100586,0.7277849167585373,0.5731814429163933,0.36216752231121063,0.523655541241169,0.5489831902086735,0.4408269599080086,0.5251263100653887,0.6974098384380341,0.5793393850326538,0.5296981632709503,0.5833526998758316,0.5551000535488129,0.557975672185421,0.4214645102620125,0.559135802090168,0.5226779617369175,0.509888555854559,0.4581131711602211,0.5346713364124298,0.6257006973028183,0.4285452663898468,0.6985337138175964,0.7166623324155807,0.5772686526179314,0.5594175532460213,9.0,9.0,9.0,9.0,0.7644387483596802,9.0,9.0,0.606102928519249,9.0,9.0,9.0,9.0,9.0,9.0,9.0,9.0,9.0,9.0,9.0,9.0,9.0,9.0,0.9651122987270355,9.0
africa,vitamin,9.0,9.0,9.0,9.0,9.0,0.3186940550804138,9.0,9.0,0.49333661049604416,9.0,9.0,9.0,9.0,0.5138837238773704,0.5816328153014183,0.6114808991551399,0.49390300270169973,0.33821022510528564,9.0,9.0,9.0,0.4744693022221327,9.0,9.0,9.0,9.0,9.0,9.0,9.0,9.0,9.0,9.0,0.8039726912975311,9.0,9.0,0.7596611082553864,9.0,9.0,9.0,9.0,9.0,9.0,9.0,9.0,9.0,9.0,9.0,9.0,9.0,9.0,9.0,9.0
africa,vit,9.0,9.0,9.0,9.0,9.0,9.0,9.0,9.0,9.0,9.0,9.0,9.0,9.0,9.0,9.0,9.0,9.0,9.0,9.0,9.0,9.0,9.0,9.0,9.0,9.0,9.0,9.0,9.0,9.0,9.0,9.0,9.0,9.0,9.0,9.0,9.0,9.0,9.0,9.0,9.0,9.0,9.0,9.0,9.0,9.0,9.0,9.0,9.0,9.0,9.0,9.0,9.0
africa,inocul,9.0,9.0,9.0,9.0,9.0,9.0,9.0,9.0,9.0,9.0,9.0,9.0,9.0,9.0,9.0,9.0,9.0,9.0,9.0,9.0,9.0,9.0,9.0,9.0,9.0,9.0,9.0,9.0,9.0,9.0,9.0,9.0,9.0,9.0,9.0,9.0,9.0,9.0,9.0,9.0,9.0,9.0,9.0,9.0,9.0,9.0,9.0,9.0,9.0,9.0,9.0,9.0
africa,colloid,9.0,9.0,9.0,9.0,9.0,9.0,9.0,9.0,9.0,9.0,9.0,9.0,9.0,9.0,9.0,9.0,9.0,9.0,9.0,9.0,9.0,9.0,9.0,9.0,9.0,9.0,9.0,9.0,9.0,9.0,9.0,9.0,9.0,9.0,9.0,9.0,9.0,9.0,9.0,9.0,9.0,9.0,9.0,9.0,9.0,9.0,9.0,9.0,9.0,9.0,9.0,9.0
africa,genocid,9.0,9.0,9.0,9.0,9.0,9.0,9.0,9.0,0.5825565382838249,9.0,9.0,9.0,0.5451536551117897,9.0,9.0,0.47986795008182526,0.37996263802051544,9.0,9.0,9.0,9.0,9.0,9.0,9.0,9.0,9.0,9.0,9.0,9.0,9.0,9.0,9.0,9.0,9.0,9.0,9.0,9.0,9.0,9.0,9.0,9.0,9.0,9.0,9.0,9.0,9.0,9.0,9.0,9.0,9.0,9.0,9.0
africa,garlic,9.0,9.0,9.0,9.0,9.0,9.0,9.0,9.0,9.0,9.0,9.0,9.0,9.0,9.0,9.0,9.0,9.0,9.0,9.0,9.0,9.0,9.0,9.0,9.0,9.0,9.0,9.0,9.0,9.0,9.0,9.0,9.0,9.0,9.0,9.0,9.0,9.0,9.0,9.0,9.0,9.0,9.0,9.0,9.0,9.0,9.0,9.0,9.0,9.0,9.0,9.0,9.0
africa,zinc,9.0,9.0,9.0,9.0,9.0,9.0,9.0,9.0,9.0,0.430144265294075,0.6003527343273163,0.45911501348018646,9.0,9.0,9.0,9.0,9.0,9.0,9.0,9.0,9.0,9.0,9.0,9.0,9.0,9.0,0.480234133079648,0.681930661201477,9.0,9.0,9.0,9.0,9.0,9.0,9.0,9.0,9.0,9.0,9.0,9.0,9.0,9.0,9.0,9.0,9.0,9.0,9.0,9.0,9.0,9.0,9.0,9.0
african,supplement,9.0,9.0,9.0,9.0,9.0,0.4052470400929451,0.42723730206489563,9.0,9.0,9.0,9.0,9.0,9.0,9.0,9.0,9.0,9.0,9.0,9.0,9.0,9.0,9.0,9.0,9.0,9.0,9.0,9.0,9.0,9.0,9.0,9.0,9.0,9.0,9.0,9.0,9.0,9.0,9.0,9.0,9.0,9.0,9.0,9.0,9.0,9.0,9.0,9.0,9.0,9.0,9.0,9.0,9.0
african,vaccin,0.5265947543084621,0.48972267284989357,0.6209754720330238,0.5149183943867683,9.0,0.46267906203866005,0.4619176685810089,0.5529385730624199,0.4473976381123066,0.5310078375041485,0.6396996974945068,0.5662513375282288,0.49001196399331093,0.39931777864694595,0.6119589880108833,0.5579533018171787,0.5143583146855235,0.45106368139386177,0.4295719116926193,0.5963393151760101,0.5510108061134815,0.6654660552740097,0.8063630163669586,9.0,9.0,9.0,9.0,9.0,9.0,9.0,9.0,0.4597344845533371,9.0,9.0,9.0,9.0,9.0,9.0,9.0,9.0,9.0,9.0,9.0,9.0,9.0,9.0,9.0,9.0,0.7638379037380219,9.0,0.9581732451915741,9.0
african,depopul,9.0,9.0,9.0,9.0,9.0,9.0,9.0,9.0,9.0,9.0,9.0,9.0,9.0,9.0,9.0,9.0,9.0,9.0,9.0,9.0,9.0,9.0,9.0,9.0,9.0,9.0,9.0,9.0,9.0,9.0,9.0,9.0,9.0,9.0,9.0,9.0,9.0,9.0,9.0,9.0,9.0,9.0,9.0,9.0,9.0,9.0,9.0,9.0,9.0,9.0,9.0,9.0
african,water,0.47854742407798767,0.41541288793087006,0.59450563788414,9.0,9.0,0.3429187834262848,0.45410067588090897,0.41526782512664795,0.5285331755876541,0.3929668068885803,0.577845886349678,0.5401192232966423,0.6027196496725082,0.47887080907821655,0.6023287028074265,0.48628422152251005,0.5520472079515457,0.5298011619597673,0.5103632397949696,0.6208200454711914,0.4893158245831728,0.45734792947769165,0.6902020275592804,9.0,9.0,9.0,9.0,9.0,9.0,9.0,9.0,9.0,9.0,9.0,9.0,9.0,9.0,9.0,9.0,9.0,9.0,9.0,9.0,9.0,9.0,9.0,9.0,9.0,9.0,9.0,9.0,9.0
african,immun,0.5758037567138672,0.6425860524177551,0.7920575737953186,0.7861072421073914,9.0,0.509002435952425,0.3858229070901871,0.5419423989951611,0.4842704515904188,0.6198823973536491,0.7222268879413605,0.5943767428398132,0.5435703992843628,0.5091464649885893,0.47771277092397213,0.5584716014564037,0.5443564057350159,0.40986984968185425,0.5430881530046463,0.6467631757259369,0.4760807864367962,0.5081068864092231,0.6782069653272629,9.0,9.0,9.0,9.0,9.0,9.0,9.0,9.0,0.603157214820385,9.0,9.0,9.0,9.0,9.0,9.0,9.0,9.0,9.0,9.0,9.0,9.0,9.0,9.0,9.0,9.0,0.8130782842636108,9.0,0.9368801116943359,9.0
african,vitamin,9.0,9.0,9.0,9.0,9.0,0.36151424050331116,9.0,9.0,0.44934235513210297,9.0,9.0,9.0,9.0,0.41624848544597626,0.5363844968378544,0.6622172296047211,0.5624368861317635,0.5166249759495258,9.0,9.0,9.0,0.4286136031150818,9.0,9.0,9.0,9.0,9.0,9.0,9.0,9.0,9.0,9.0,9.0,9.0,9.0,9.0,9.0,9.0,9.0,9.0,9.0,9.0,9.0,9.0,9.0,9.0,9.0,9.0,9.0,9.0,9.0,9.0
african,vit,9.0,9.0,9.0,9.0,9.0,9.0,9.0,9.0,9.0,9.0,9.0,9.0,9.0,9.0,9.0,9.0,9.0,9.0,9.0,9.0,9.0,9.0,9.0,9.0,9.0,9.0,9.0,9.0,9.0,9.0,9.0,9.0,9.0,9.0,9.0,9.0,9.0,9.0,9.0,9.0,9.0,9.0,9.0,9.0,9.0,9.0,9.0,9.0,9.0,9.0,9.0,9.0
african,inocul,9.0,9.0,9.0,9.0,9.0,9.0,9.0,9.0,9.0,9.0,9.0,9.0,9.0,9.0,9.0,9.0,9.0,9.0,9.0,9.0,9.0,9.0,9.0,9.0,9.0,9.0,9.0,9.0,9.0,9.0,9.0,9.0,9.0,9.0,9.0,9.0,9.0,9.0,9.0,9.0,9.0,9.0,9.0,9.0,9.0,9.0,9.0,9.0,9.0,9.0,9.0,9.0
african,colloid,9.0,9.0,9.0,9.0,9.0,9.0,9.0,9.0,9.0,9.0,9.0,9.0,9.0,9.0,9.0,9.0,9.0,9.0,9.0,9.0,9.0,9.0,9.0,9.0,9.0,9.0,9.0,9.0,9.0,9.0,9.0,9.0,9.0,9.0,9.0,9.0,9.0,9.0,9.0,9.0,9.0,9.0,9.0,9.0,9.0,9.0,9.0,9.0,9.0,9.0,9.0,9.0
african,genocid,9.0,9.0,9.0,9.0,9.0,9.0,9.0,9.0,0.6326343715190887,9.0,9.0,9.0,0.5463027283549309,9.0,9.0,0.4882427956908941,0.5541628487408161,9.0,9.0,9.0,9.0,9.0,9.0,9.0,9.0,9.0,9.0,9.0,9.0,9.0,9.0,9.0,9.0,9.0,9.0,9.0,9.0,9.0,9.0,9.0,9.0,9.0,9.0,9.0,9.0,9.0,9.0,9.0,9.0,9.0,9.0,9.0
african,garlic,9.0,9.0,9.0,9.0,9.0,9.0,9.0,9.0,9.0,9.0,9.0,9.0,9.0,9.0,9.0,9.0,9.0,9.0,9.0,9.0,9.0,9.0,9.0,9.0,9.0,9.0,9.0,9.0,9.0,9.0,9.0,9.0,9.0,9.0,9.0,9.0,9.0,9.0,9.0,9.0,9.0,9.0,9.0,9.0,9.0,9.0,9.0,9.0,9.0,9.0,9.0,9.0
african,zinc,9.0,9.0,9.0,9.0,9.0,9.0,9.0,9.0,9.0,0.4362928196787834,0.5669945925474167,0.4979707356542349,9.0,9.0,9.0,9.0,9.0,9.0,9.0,9.0,9.0,9.0,9.0,9.0,9.0,9.0,9.0,9.0,9.0,9.0,9.0,9.0,9.0,9.0,9.0,9.0,9.0,9.0,9.0,9.0,9.0,9.0,9.0,9.0,9.0,9.0,9.0,9.0,9.0,9.0,9.0,9.0
black,supplement,9.0,9.0,9.0,9.0,9.0,0.4955690950155258,0.43649061769247055,9.0,9.0,9.0,9.0,9.0,9.0,9.0,9.0,9.0,9.0,9.0,9.0,9.0,9.0,9.0,9.0,9.0,9.0,9.0,9.0,9.0,9.0,9.0,9.0,9.0,9.0,9.0,9.0,9.0,9.0,9.0,9.0,9.0,9.0,9.0,9.0,9.0,9.0,9.0,9.0,9.0,9.0,9.0,9.0,9.0
black,vaccin,9.0,0.5154819674789906,9.0,0.43154993653297424,0.49495903216302395,0.482091024518013,0.4676074758172035,0.6108040064573288,0.4592762142419815,0.5482093654572964,0.5224701017141342,0.5211800634860992,0.47819289192557335,0.3408368229866028,0.434259295463562,0.48939945735037327,0.47664150036871433,0.5156508721411228,0.45996053144335747,0.4639860726892948,0.5491071790456772,0.5275793299078941,0.557626873254776,0.54962607473135,0.46069785952568054,0.537568025290966,0.6063771098852158,0.5676311254501343,0.3502092659473419,0.4149530827999115,0.44188591092824936,0.5339614562690258,0.641387939453125,0.66318279504776,9.0,0.648313969373703,9.0,0.45928099378943443,0.5984649509191513,9.0,0.8888250589370728,9.0,9.0,9.0,0.39918915927410126,0.7861440181732178,0.698432445526123,0.857793390750885,0.8063600361347198,0.5868975222110748,0.7481837570667267,0.6466766446828842
black,depopul,9.0,9.0,9.0,9.0,9.0,9.0,9.0,9.0,9.0,9.0,9.0,9.0,9.0,9.0,9.0,9.0,9.0,9.0,9.0,9.0,9.0,9.0,9.0,9.0,9.0,9.0,9.0,9.0,9.0,9.0,9.0,9.0,9.0,9.0,9.0,9.0,9.0,9.0,9.0,9.0,9.0,9.0,9.0,9.0,9.0,9.0,9.0,9.0,9.0,9.0,9.0,9.0
black,water,9.0,0.7074084579944611,9.0,9.0,0.5831186771392822,0.6006559655070305,0.4980127289891243,0.5728830993175507,0.577046625316143,0.6070106327533722,0.6252260506153107,0.6367456167936325,0.6396561861038208,0.5613861531019211,0.44745924323797226,0.49983915872871876,0.7086329162120819,0.6662788391113281,0.4610782079398632,0.6387827694416046,0.610472559928894,0.5277419704943895,0.3589382469654083,0.7097097635269165,9.0,9.0,9.0,9.0,9.0,0.5282513163983822,9.0,9.0,9.0,9.0,9.0,9.0,9.0,9.0,9.0,9.0,9.0,9.0,9.0,9.0,9.0,9.0,0.7562331259250641,9.0,9.0,9.0,9.0,9.0
black,immun,9.0,0.41932200640439987,9.0,0.7575784921646118,0.5649334043264389,0.5420285314321518,0.5645285248756409,0.5743164569139481,0.6088230758905411,0.5552583634853363,0.6557569801807404,0.6447097361087799,0.6179383099079132,0.4917997755110264,0.5287882220000029,0.5182381272315979,0.5633942931890488,0.5142003931105137,0.5146757084876299,0.48701760917901993,0.6184286624193192,0.49305032193660736,0.51190878264606,0.4673536382615566,0.4496605060994625,0.5681861191987991,0.6989344358444214,0.7292937785387039,0.3624798655509949,0.5297936722636223,0.5468337833881378,0.5598965063691139,0.6491771042346954,0.8814319670200348,9.0,0.739251896739006,9.0,0.6152867749333382,0.6537059098482132,9.0,9.0,9.0,9.0,9.0,0.6501269638538361,0.8580974638462067,0.9023383557796478,9.0,0.8472343385219574,0.722828820347786,0.9212777614593506,0.8662387132644653
black,vitamin,9.0,9.0,9.0,9.0,9.0,0.5879494622349739,9.0,9.0,0.5630448907613754,9.0,9.0,9.0,9.0,0.49399216659367085,0.5636357367038727,0.5671524927020073,0.5667876601219177,0.6035730242729187,9.0,9.0,9.0,0.5373165756464005,9.0,9.0,9.0,9.0,9.0,9.0,9.0,9.0,9.0,9.0,0.5486090034246445,0.8875017166137695,9.0,0.6631879955530167,9.0,9.0,9.0,9.0,9.0,9.0,9.0,9.0,9.0,9.0,9.0,9.0,9.0,9.0,9.0,9.0
black,vit,9.0,9.0,9.0,9.0,9.0,9.0,9.0,9.0,9.0,9.0,9.0,9.0,9.0,9.0,9.0,9.0,9.0,9.0,9.0,9.0,9.0,9.0,9.0,9.0,9.0,9.0,9.0,9.0,9.0,9.0,9.0,9.0,9.0,9.0,9.0,9.0,9.0,9.0,9.0,9.0,9.0,9.0,9.0,9.0,9.0,9.0,9.0,9.0,9.0,9.0,9.0,9.0
black,inocul,9.0,9.0,9.0,9.0,9.0,9.0,9.0,9.0,9.0,9.0,9.0,9.0,9.0,9.0,9.0,9.0,9.0,9.0,9.0,9.0,9.0,9.0,9.0,9.0,9.0,9.0,9.0,9.0,9.0,9.0,9.0,9.0,9.0,9.0,9.0,9.0,9.0,9.0,9.0,9.0,9.0,9.0,9.0,9.0,9.0,9.0,9.0,9.0,9.0,9.0,9.0,9.0
black,colloid,9.0,9.0,9.0,9.0,9.0,9.0,9.0,9.0,9.0,9.0,9.0,9.0,9.0,9.0,9.0,9.0,9.0,9.0,9.0,9.0,9.0,9.0,9.0,9.0,9.0,9.0,9.0,9.0,9.0,9.0,9.0,9.0,9.0,9.0,9.0,9.0,9.0,9.0,9.0,9.0,9.0,9.0,9.0,9.0,9.0,9.0,9.0,9.0,9.0,9.0,9.0,9.0
black,genocid,9.0,9.0,9.0,9.0,9.0,9.0,9.0,9.0,0.5354974530637264,9.0,9.0,9.0,0.7012526094913483,9.0,9.0,0.4733717255294323,0.6791691184043884,9.0,9.0,9.0,9.0,9.0,9.0,9.0,9.0,9.0,9.0,9.0,9.0,9.0,9.0,9.0,9.0,9.0,9.0,9.0,9.0,9.0,9.0,9.0,9.0,9.0,9.0,9.0,9.0,9.0,9.0,9.0,9.0,9.0,9.0,9.0
black,garlic,9.0,9.0,9.0,9.0,9.0,9.0,9.0,9.0,9.0,9.0,9.0,9.0,9.0,9.0,9.0,9.0,9.0,9.0,9.0,9.0,9.0,9.0,9.0,9.0,9.0,9.0,9.0,9.0,9.0,9.0,9.0,9.0,9.0,9.0,9.0,9.0,9.0,9.0,9.0,9.0,9.0,9.0,9.0,9.0,9.0,9.0,9.0,9.0,9.0,9.0,9.0,9.0
black,zinc,9.0,9.0,9.0,9.0,9.0,9.0,9.0,9.0,9.0,0.6373663693666458,0.5717290565371513,0.5845227763056755,9.0,9.0,9.0,9.0,9.0,9.0,9.0,9.0,9.0,9.0,9.0,9.0,9.0,9.0,0.5945959687232971,0.4564249962568283,9.0,9.0,9.0,9.0,9.0,9.0,9.0,9.0,9.0,9.0,9.0,9.0,9.0,9.0,9.0,9.0,9.0,9.0,9.0,9.0,9.0,9.0,9.0,9.0
mandatori,vaccin,9.0,9.0,0.4354078993201256,9.0,9.0,0.44730112701654434,0.5405876189470291,9.0,0.5496264547109604,9.0,0.7039384990930557,0.7368352711200714,0.7438492625951767,0.6278603971004486,0.5418951138854027,9.0,0.6296359747648239,0.6381612718105316,0.6468077898025513,9.0,0.7340681999921799,0.49703672155737877,0.6062964126467705,0.5611317306756973,9.0,9.0,9.0,9.0,9.0,0.8344648778438568,0.7368185222148895,9.0,9.0,9.0,9.0,9.0,9.0,9.0,9.0,9.0,9.0,9.0,9.0,9.0,9.0,9.0,9.0,9.0,9.0,9.0,9.0,9.0
overcount,death,9.0,9.0,9.0,9.0,9.0,9.0,9.0,9.0,9.0,9.0,9.0,9.0,9.0,9.0,9.0,9.0,9.0,9.0,9.0,9.0,9.0,9.0,9.0,9.0,9.0,9.0,9.0,9.0,9.0,9.0,9.0,9.0,9.0,9.0,9.0,9.0,9.0,9.0,9.0,9.0,9.0,9.0,9.0,9.0,9.0,9.0,9.0,9.0,9.0,9.0,9.0,9.0
dioxid,mask,9.0,9.0,9.0,9.0,9.0,0.43392495810985565,9.0,0.51671102643013,9.0,9.0,9.0,9.0,9.0,9.0,9.0,9.0,9.0,9.0,9.0,9.0,9.0,9.0,9.0,9.0,9.0,9.0,9.0,9.0,9.0,9.0,9.0,9.0,9.0,9.0,9.0,9.0,9.0,9.0,9.0,9.0,9.0,9.0,9.0,9.0,9.0,9.0,9.0,9.0,9.0,9.0,9.0,9.0
lab,china,0.5507078096270561,0.507246945053339,0.5298805236816406,0.5713765621185303,0.638553112745285,0.5628484413027763,0.49084269627928734,0.6463671624660492,0.6275708973407745,0.5779137462377548,0.6019588634371758,0.6235398054122925,0.7393831312656403,0.6604677736759186,0.7254964113235474,0.703889787197113,0.7511160373687744,0.6907608658075333,0.6968620866537094,0.5907211750745773,0.5750791281461716,0.598723366856575,0.4432130604982376,0.6393663287162781,0.6667820811271667,0.7554996609687805,0.7985812723636627,0.4776068180799484,0.7404199242591858,0.553723506629467,0.4567757174372673,9.0,9.0,0.8776954114437103,9.0,9.0,9.0,9.0,9.0,9.0,9.0,9.0,9.0,9.0,9.0,9.0,9.0,9.0,9.0,9.0,9.0,9.0
