0,1,0,1,2,3,4,5,6,7,8,9,10,11,12,13,14,15,16,17,18,19,20,21,22
homefront,covid19,0.16335792292655094,-0.17379443877811496,-0.05363973060180727,9.0,9.0,0.08952495173964614,-0.057795781624945475,-0.06405970311153908,0.05122855582652197,9.0,0.2973817353768218,-0.9066429937503964,-0.02765117405609341,-0.05553516103069245,0.20571845429232782,-0.046086091642975946,-0.09008207811260549,0.20937924181301082,9.0,9.0,-0.048161950089347094,-0.04642418248913227,9.0
battl,covid19,0.6527978693060931,0.43452718564154913,0.4144543705006495,0.5557051866298974,0.6941963008525979,0.4094231608162935,0.4142010390420422,0.18375780030018762,0.34489367176030516,0.826200644468091,0.5790894525753484,0.6342566962743981,0.5955730648027628,0.7906912675221295,0.6599234612076269,0.6034664367500351,0.5488895766818206,0.5557240028037267,0.21503136152488733,0.10894921440028416,0.6517562420240991,0.20927291454344932,0.3312048860271769
militari,covid19,0.3660054467732946,0.4057068676001394,0.38369895179892444,0.46708883863230666,0.6300184619644882,0.36416157206084687,0.42414665842909494,0.2928322917444228,0.4816566205509607,0.37438375003123014,0.30689703066450846,0.5449697719031507,0.18784041168977195,0.499121578773257,0.6591559860113511,0.626843636502051,0.4152593216680167,0.46832285623288983,0.40841660344623754,0.5014062270854734,0.48045637106910366,0.466411419449821,0.43633402069059035
won,covid19,9.0,9.0,9.0,9.0,9.0,0.029734037204835806,9.0,9.0,9.0,9.0,9.0,9.0,9.0,9.0,9.0,9.0,9.0,9.0,9.0,9.0,9.0,9.0,9.0
besieg,covid19,0.5394967915838352,0.22685821912401738,-0.22471232522028028,0.17236460503815398,9.0,0.21412124210893535,0.27528055566747667,0.06405100368226768,0.09751510765314764,0.12935012923834877,0.019621665196096205,0.09544972261553986,-0.12996762533814388,0.1745035835061316,0.2889972749907117,0.22472397382346054,0.4343634009212828,0.22385368082547963,0.1204306933675392,-0.037424372949789175,0.2369589646792788,0.05499885722575637,0.24608775722322263
hostil,covid19,0.11165467129056028,0.4534475187571476,0.1782689147061538,0.5401405693142473,-0.21909103120634832,-0.10624223933431609,-0.14234535812211946,-0.062135075366087644,0.26942187853945887,0.5278205855589415,0.06173810300047389,0.37888171623395106,0.560759476080584,0.08248378444601845,0.42169359185414,-0.030015460583480147,0.382446012408839,0.44964248839441767,0.45570749811684796,0.23152662068911145,0.20776609533567347,0.3555152367565756,0.38093012483952116
battleground,covid19,9.0,0.13792187059494376,9.0,0.4010573331884948,0.08092599622440677,0.055792153646062714,-0.17974969014192443,0.11875846711168159,-0.014247982407249893,0.1272019545531955,0.21348362021158707,0.3938827564466547,0.20055777680170683,0.2718200599468541,0.04689658087466975,0.23709436997100375,0.35855618316881366,0.3057155969334391,0.30086733738337956,0.3134150389737458,0.18011904310672788,0.4258716744178328,0.18902181715269695
upris,covid19,-0.09342067254984898,-0.004974014152061779,0.05535757871082192,0.11348951258538209,0.2708083592370929,0.024345624548977374,0.08522999328731384,0.04633494091535029,0.007550783961005392,0.06701280458241965,0.19455414076750965,0.17600075955361483,0.03940956314680488,-0.10793292567094026,0.26414582338197734,0.1431965179925484,0.023173847231375944,0.0391917470372638,0.5942054203572751,-0.21413007072271584,0.48106510712129236,0.2844045931663781,0.3645770852843562
arsenal,covid19,0.013492511199105661,0.40278642568609935,0.16410152817334223,0.21437145499138532,0.05571487466816005,-0.11948022622109677,0.01897198752535223,0.2961710471305288,-0.04817001830156964,0.33406366201784143,0.19610369692310625,0.42507496926119925,0.34463627421111276,0.085478345571946,0.3775402364815821,0.18263288957441648,0.27022540995298927,0.21647802006467065,0.21213893828894181,0.22162516970750812,0.2702412490874455,0.09444513398097465,0.2436434184386872
death,covid19,0.6726464592399951,0.5898138112484206,0.8813735136018374,0.2805001807809506,0.6641367655174087,0.6153876416031465,0.44621885192829036,0.5494969000884634,0.5647691579455217,0.5755963139436221,0.6580149230180632,0.7289052232232379,0.4547303188595705,0.7181830564170826,0.7348390841452551,0.4336181152028469,0.70135137720416,0.7893196385714852,0.6868626396253485,0.7014874118210127,0.5290029422750716,0.2798957689975651,0.7462959927904448
crossfir,covid19,9.0,9.0,-0.026028220148777148,-0.00015275450850960048,-0.05684417263732944,0.12825914040065833,9.0,-0.2552064042568345,-0.08536035429633282,-0.11734031838930448,0.02302674100788249,0.08054540503111962,-0.1493799390378281,-0.1896571968247327,0.14072596476886057,0.10989139297093198,0.053385020845957976,-0.09868953628536214,0.09544429311725822,0.13573857245757892,0.38680351711605065,0.35603017861628694,0.233729041797066
defend,covid19,0.3394941445590991,0.2795185048535628,-0.05745390217677149,0.18536919082600678,0.017485842080259495,0.12822437602484538,0.4386542121246715,0.3817118165879909,0.3582014503333357,0.3163275393317657,0.35558216374122753,0.4447524258243116,0.5904297411260006,0.560404977825171,0.45751361284026404,0.25386300035401677,0.28774822295458535,0.2498015723390582,0.5477541898260533,0.5604981834475513,-0.15867275278297877,0.4279020123799433,0.33242392613028615
arm,covid19,0.44606730836346475,-0.02078253855247869,0.026094380921980465,0.028241154165901672,0.27934578875419414,0.0828335234049693,0.47628322063670103,0.2578078614303172,0.274087729837055,0.2764226934853734,0.20116236218621875,0.1750596035483879,0.5074126714974021,0.47765987348798045,0.4095606027489934,0.17242957668109216,0.20779065839538702,0.5897103065660383,0.5000419128352311,0.3435854011494499,0.5860211017116187,0.35823123290700354,0.38662236978534215
battlefront,covid19,9.0,9.0,9.0,9.0,9.0,-0.0790967383260397,-0.9501291387495492,9.0,0.3463667309550186,0.3485122613948052,-0.09117750674184788,0.0594698642505217,0.19894067640967084,0.3284057869374867,0.02644623798410084,9.0,9.0,0.37447154799509685,0.221786080522703,0.10044597536535649,-0.013667963326142063,9.0,9.0
captur,covid19,0.29953639585134906,0.16355871856070636,0.27229740964731364,0.3387402602626741,0.3088273209754179,0.40188372087181046,0.5887767434644955,0.18467523851320022,0.15180711217980258,0.32984174742738104,0.32629943009844065,0.4083290303343886,0.4604642892948787,0.45536459166393617,0.6772967544799313,0.4519110285816439,0.4841986784515029,0.8417479616302381,0.5880114630625868,0.3582990140924702,0.3069426168693936,0.27988838371616476,0.08330673073905015
guard,covid19,0.5036624522375841,0.03898343022686124,0.1634576492366221,0.19379642018194787,0.5919435904194789,0.3002214724343164,0.2576291311849186,0.29566086541947223,0.4668964418775641,0.3999047525050705,0.494966498256423,0.3405928458179628,0.4382015087142612,0.2636946257640834,0.1157279008659512,0.5700988026959946,0.3719377318881847,0.3176333038052255,0.40796607775858784,0.5819013146964204,0.3889277534743325,0.22547527575756732,0.20350783054674504
trench,covid19,0.10567238399063494,0.06150986398476754,-0.11727556364152703,0.31792215467228235,-0.017528505352305324,0.28211978335234,0.06655638610798587,0.09836835363987495,0.23120225803187933,0.36233109132946517,0.24401942655005748,0.3032365895165291,0.6781220908412972,0.22512690602169516,0.5403510556791614,0.28492963610485655,0.0700986675827906,-0.053389699714486705,0.35221024827354874,0.0763292509892346,0.2746578865908378,-0.028892105439669802,0.3366404813045032
struggl,covid19,0.6055639506668906,0.46850528638674516,0.6281290411936457,0.23247734405617648,0.5876961024197523,0.7337938777916592,0.38186467573307303,0.1514574171226819,0.476167157147221,0.6375872445401745,0.6432215875375714,0.4013340073358904,0.5735752080603846,0.7679106934269982,0.5950304520742778,0.6473001328215929,0.44286159080351806,0.4362741185520367,0.43745216875710535,0.5189515175224062,0.4856971351234828,0.41476884727596186,0.6276610318326077
enemi,covid19,0.38780726470739224,0.28795510751340814,0.22739898953362947,0.16531370342803586,0.2317642894414743,0.3924172962757876,0.12628641289704323,0.3134140526998537,0.32647948901881985,0.4879734471351045,0.40993815607269035,0.28560423865371165,0.38536159437034234,0.627362640482289,0.34748630409726067,0.368632297885651,0.3041741868564445,0.5591490296354558,0.4029998397964767,-0.034702874045563936,0.15981513583954188,0.054997771401319895,0.3149680588731423
die,covid19,0.6738345398838034,0.5679429268912404,0.7686761029849665,0.5145229954842909,0.6888742672833885,0.6979698091278344,0.5284160277987514,0.6734502304976596,0.6185451828356879,0.7149719498384305,0.7593429231003778,0.6527830045261372,0.37860447760261984,0.7365749426490265,0.7965652824504781,0.7670866537511999,0.7971051398835519,0.5673480064173483,0.637721656535462,0.3065792060379091,0.7479033558205365,0.1519159411377512,0.6974801087445681
fortifi,covid19,-0.008358678423471044,9.0,0.12725416632756825,-0.16794794984701,0.08993391516475191,-0.0011394701747438063,0.21989422100184186,-0.053835408054737854,0.0670941930286647,0.15496047927285028,0.49441756002125814,0.19438930083744532,0.5004250485475674,0.4607081817613542,0.2346345023196399,0.13664887176384966,0.29402269196314146,-0.0009406432006253684,-0.06285273114487011,0.001170108342401499,0.03309311121561376,0.12096479515419234,0.25967248931411113
bombard,covid19,0.22241797088600934,-0.039095438506181024,0.06257238589237002,-0.09881777758389854,0.14968570816401905,0.3054554835013765,0.45923472874372706,0.14000183298599067,0.3904101836315812,0.06874396605801181,0.2126171207405554,0.4737382122781356,0.28246999920785876,0.5616521617447215,0.05597497002696761,-0.08047598787434085,0.17735062433032533,0.1827093011255596,0.2896455725245696,0.292183760772323,0.4289909491682822,0.4349462197218916,0.33671526749169933
strategi,covid19,0.2553610020204362,0.3621041939798564,0.01054543576907263,0.03873217726678124,0.7470180214538926,0.37808581403801744,0.6822283990646435,0.4462765153431971,0.5096028642868216,0.5936213151577148,0.49629968889195,0.5680963294416504,0.4506465799783719,0.6556796594749563,0.6794810279161879,0.5238407355716558,0.745877716347321,0.6458193697379496,0.6234677709682128,0.48020921155678065,0.6860247090927964,0.16153007731926683,0.08868751089329996
disarma,covid19,9.0,9.0,-0.8155888197165342,9.0,9.0,0.0507673530497017,0.3013895785154965,0.027052752314684736,0.1799933426873318,0.04509172656437155,-0.08995413090490811,0.16367554195241896,0.08310818828094324,0.021221877129095512,-0.0776815398562627,-0.022212908631139117,-0.1353367277646993,-0.23951778215570374,0.21651151203702934,0.26160667271757854,0.2296110598856479,0.006622322823034432,0.3532027547579861
armi,covid19,0.15521291801688686,0.2103174003115893,0.2567485986793987,0.010222492336971811,0.4970665937323664,0.05831592812385533,0.3223934289400978,0.020540890325579153,0.3524396195334447,0.15635844917371378,0.5398604608095756,0.3688480589867189,0.42675760308875743,0.44547370136257625,0.42341659620784133,0.21128904600856346,0.1979443317747206,0.28991276668808796,0.012400703447028705,0.2687859238173316,0.5901210677184562,0.37774812025190674,0.275832585276534
weapon,covid19,0.47713863305932,0.22631113740287512,0.038642428187025346,0.6083659246693913,0.7845790581752855,0.24526395508627807,0.48863424121881116,0.22081256797519977,0.4133970502506026,0.5031150507492853,0.15907405750884984,-0.03131595017743427,0.12405940019057105,0.61711029195106,0.5621888637902721,0.28543502919686525,0.6888488340410406,0.588798815962609,0.3798644063348544,0.4972164799192694,-0.13288602366394464,-0.05082598315526976,0.39699602563363
destruct,covid19,0.13367183703523566,0.09097291707932587,0.4457087381007583,0.1760846673883012,0.7085801220293463,0.26039135432722815,0.06696073905012101,0.13533299941304477,0.26398729037711766,0.3773612749141797,0.5087400610173188,0.25687150212068577,0.618777731842625,0.3868916058941325,0.6406276579128862,0.0795131510388456,0.4603715603221856,0.5874784162578556,0.5644181729957635,0.42193934363794106,0.3282381241902832,0.28686979794175815,0.2371698757817391
bloodsh,covid19,0.17079112785956985,9.0,9.0,0.14084691620998924,0.3146278257437325,0.16450206164973613,-0.05630416344394362,-0.20433790794286244,9.0,0.23734612354452134,0.019585838578138448,0.23831643149361348,0.2540839194792883,-0.09041946837608061,-0.07725583236480249,-0.19810544963656218,-0.21493970385478955,0.12450764048976692,0.19408319185507472,9.0,0.058226847265471116,0.25716782888557144,-0.8005716470469462
rebellion,covid19,0.037283113379712574,0.35281458570785595,0.44067470365775707,0.15559731030891333,0.4467943127646907,0.22366740289988307,-0.029196074232801905,0.05049680714927163,0.2280394457326883,0.17155589339503885,0.32115876666148746,0.4166801966819733,0.05073422782933945,-0.044389539482392326,0.021571421550477643,0.13112745342755905,-0.03414836077047223,-0.011267767740318124,0.3789675749951944,0.29192566079537186,0.12828344544089876,0.16277531050196414,0.08499252595819462
soldier,covid19,0.19300199668096707,-0.06319498036684323,0.0881400034657095,0.19329428819842898,0.49548727329420916,0.33788099237693126,-0.17242949742638602,0.5208118449761789,0.2746972724817057,0.1835726684277904,0.4531268076298649,0.08689919056716333,0.4500762226721253,0.18998444730798125,0.5614965942725799,0.5486453920716706,0.17568766901933208,0.027628678730871603,0.35680235304315744,0.47918887944763733,0.4767908890104735,0.310161307225026,0.011246580665622452
win,covid19,0.5139273343325566,-0.002131220422776803,0.6307100636914308,0.45336571228908185,0.38721081648714994,0.5485342567585302,0.48667130339613807,0.6333559187694219,0.6959406831653825,0.5893218686748622,0.48651650251886447,0.4221578108064743,0.6943805497402576,0.48292309734852246,0.6987604527290621,0.43101101742883663,0.709677919237328,0.2342342290961903,0.09176364701412432,0.49598917918060526,0.46331101877387215,0.43433524126,0.2216011592707694
insurg,covid19,0.014705235633072578,-0.13941759672179388,-0.006662527701278842,-0.169470076567533,0.09557172691134652,0.20741652637452757,9.0,0.15083013527508682,0.18591104199213915,0.1950157693562794,-0.0753993588802695,0.29296944078794385,0.4603982811550533,0.011837500417421376,-0.13177860404655029,0.18500392650610298,-0.005654303711349673,-0.09265205118925834,-0.03662794195565078,0.03111586132135291,0.15706332011499624,0.07439948701880694,0.20924373420927944
violenc,covid19,0.4793605082876098,0.2680256524324873,0.49717586716788076,-0.06555486462991023,0.33947176660027556,0.3455724223772598,0.0988463125724438,0.19010913392684492,0.3602428478403077,0.5249563958282033,0.42871868993414664,0.13457865617424702,0.34703873941581176,0.7702948158148488,0.7467820268171131,0.5251459052916335,0.15045188375163798,0.6321011980741505,0.41264858215853195,0.17985450831154381,0.3068729138807037,0.3328194147471768,0.4578903341557754
fought,covid19,0.3215292607546968,0.2413420554981759,0.0944779212824649,0.26344173295128215,0.02352725641327258,0.3374898818855845,0.6179742990091807,0.11363942684408046,0.11494002450837582,0.6101293860438318,0.47505587475732347,0.1136908415179394,0.47872316605094334,0.49333094291819735,0.42575571695240844,0.0888564286096295,0.19994086273428446,0.04056696743947519,0.5091754544195024,-0.08698053504270775,-0.3717065020607202,0.46768765308644733,0.24420800705980295
gunfight,covid19,-0.12604364817921132,9.0,9.0,0.13304551264226983,9.0,9.0,9.0,-0.07166791110990989,-0.12207785248619185,0.20599193199562393,-0.9134816031053743,9.0,-0.00781927195865495,-0.004623670471441299,-0.1692206271040213,0.043388222216568906,0.0637718593449923,-0.1373668379004167,9.0,-0.08235718852884255,9.0,-0.06154330513676021,9.0
raider,covid19,0.2009072926279114,0.25354705885864504,0.08278839294664864,-0.20985212593013314,-0.7885143387962141,-0.027342200098794844,0.19989290716852126,0.24785770937179175,0.12754890474816882,0.07029801137892233,0.2506454153633835,0.05618387348069043,0.381878030143858,0.2703593442425647,-0.02214358738276001,0.04722201321359398,0.413085747848296,0.1156010515087218,0.18055527877131317,0.05652272668320413,0.2972865906839861,-0.06645602440218634,0.2609214693679751
kill,covid19,0.5472969915039726,0.37966243478383976,0.3298239142325703,0.598969003078512,0.6997416786313254,0.4669451564782844,0.5488036189693339,0.34112799634549595,0.3079701698928633,0.37675653134141196,0.48908840120761266,0.6552454226378154,0.43928291238491823,0.6487148061486541,0.6497467263156411,0.624888466432877,0.7163941539213082,0.5969663170039079,0.6852610371838997,0.6358684078619113,0.6350218131601291,0.402487579609772,0.21074594024873805
armor,covid19,-0.008931994755823291,-0.17258992219645286,0.08642956302129112,0.1927482253726931,-0.2766611107419972,0.005433909545385918,0.3273509327918287,0.26964526332073,0.17753323071784033,-0.06334895197969437,0.32153126369896023,0.46268936173331043,0.23461702952212016,0.23077131358910385,0.29257078553481686,0.10057823481101724,-0.07623109268993566,0.09293336217519033,0.11979758203043978,0.12154295977180063,0.004551011076915912,0.11460760151091687,-0.06136674679160348
homeland,covid19,0.26043614677339044,-0.037428744767713074,-0.0764455921149898,-0.08378982471795937,0.3796446806727318,-0.17942521044281534,0.12458532270618794,-0.08733903677237853,0.21321814142387296,0.2865747966180888,-0.07281383181003842,0.20072504422355886,-0.021759569437379556,-0.10153038750703658,0.014245076813044877,0.1870249850627972,0.3104700336449393,-0.04089363549714364,0.047097931215776434,0.20986258454218631,0.21222835797226103,0.1511226421583043,0.05787992520902474
warrior,covid19,0.22579888922220526,0.05135026367355089,0.21475935055746276,0.18397955620950646,0.5635530873600345,-0.08132107825537371,0.39149744658480334,0.0006391614538210355,0.5330693140717142,0.0690812540670741,0.2126831142754767,0.02355703601042114,0.4728410027933667,0.48484488353553135,0.4022960125029289,0.5479779615365211,0.26849745883602805,0.5588565627665797,0.2966059068741661,0.041238594630393255,0.20161014439939295,0.10548855355608311,0.2958525101819949
tactic,covid19,0.2160278564377145,0.31672118200749644,0.01982341822581979,0.17631405100241093,0.5167065897139215,0.1989416898172054,0.06079992199243933,0.2077604448220206,0.16708737292145903,0.41554998453850756,0.3684442304556961,0.5487353081719002,0.5917767736895376,0.6289864564635432,0.20123419726585268,0.32570347867839455,0.21335406329672546,0.2727864446309187,0.4601129115348227,0.2912265235721989,0.5293697315434738,0.26692371380573154,0.43363169812341096
killer,covid19,0.5737207132153267,0.48440901088686006,0.18743126852874292,0.28396163206947156,0.6540632347058484,0.3192735709152036,0.44676292227549763,0.44866582454175263,0.4487884324691316,0.0811956447680634,-0.004400287283762294,0.06131239789792364,0.4720118663458319,0.27756350751813097,0.31562632421843106,0.1071610742791459,-0.07032748536864197,0.5644683115805189,0.10184877826089134,0.17791730140734363,0.24845722841783435,0.11537646579760819,0.48832133145429424
blitzkrieg,covid19,9.0,-0.036880463190700485,9.0,9.0,9.0,-0.10907077055369352,9.0,0.1022915733529236,0.01441705712457475,0.16550463137684623,-0.0024551091187925422,-0.11143713731631388,-0.20579789015677008,-0.02387627163735595,-0.014487549318062065,0.0843954380843015,-0.015796882386310163,-0.1898753551595953,-0.06295779441801042,9.0,9.0,-0.04940818991563756,9.0
combat,covid19,0.5942058912082095,0.3246036752681576,0.5821930540592102,0.47579630096096004,0.5458526193187775,0.24868747130051216,0.7615520515535814,0.4742210278171066,0.6030771289997942,0.5465062796133277,0.575394942815149,0.619106514338689,0.39088103065409807,0.6464683863429596,0.6145752496515157,0.2531532331451404,0.4958585804424074,0.09195817376251347,0.3881505118204107,0.09495955993301064,0.612098998273723,0.26837182916112035,0.4974892010492209
bomb,covid19,0.44506223300947956,0.4966469228771333,0.3130959120323892,0.006869670093460956,0.4400060360617155,0.12636763615593616,0.371737689391343,0.30758722255201987,0.19830539667223446,0.4576580079455187,0.1392297525046542,0.39292339584154057,0.21667755451259918,0.22970347621576293,0.563770866531082,0.054518933987681484,0.5612005140466163,0.596155341631111,0.2823684591045834,0.47146044275472043,0.4132992712592187,0.303809106604085,0.28412493342916845
invas,covid19,0.10435931737915649,0.45013910668849,0.16460805211590523,0.2523055335638651,0.1014721607085236,-0.10180851352472975,-0.10085496432781915,0.036706830830806836,0.20524848060160505,0.36433965251672396,0.3344356094437748,0.41443529431536996,0.4108759522773039,0.3705049096724363,0.23605959974847424,0.3631086893206332,0.4334259637850266,0.39670315604037343,0.10782733682616008,0.18545243054435057,0.19583742598994136,0.19746008956774053,0.02376527907668602
shoot,covid19,0.3818535955300659,0.14154652656908584,0.30183768429394897,0.3450407112936673,0.6150744452534886,0.2510707331890638,0.5093712608634147,-0.10546386492656268,0.564444226255793,0.23307316596184557,0.3652070524978116,0.12121377012780166,0.5904756756810975,0.6886923642092394,0.16492360041606735,0.47995705253057774,0.3268087137781698,0.6372307162226355,0.661139247086118,0.10921604511413774,0.56376657841927,0.2169727033249388,0.3549616714449677
conquer,covid19,0.16238886779774986,0.4119498369069241,0.5096883911425103,0.14574643202993254,0.008615676508728298,0.18765002552298649,0.32688181554863605,-0.13528595460181414,0.5677362279301399,0.3949290810796353,0.028783689234559984,0.2994020206193202,0.4343052105401035,0.4881647821993965,0.4172517177833712,-0.03924397510310507,0.4435701789104449,0.6757172371904784,0.22634035680615416,0.2593367313240149,0.21181519072536026,0.29358405099016016,0.3330491971389279
warzon,covid19,9.0,9.0,-0.2128565011167176,9.0,0.26775352715201195,0.1199794765995299,0.25699972086791956,-0.016535967297509613,0.09061516351987065,0.06556270636684336,0.14962812237424328,0.1485467857610373,0.4179528851052632,0.3607287954448132,0.2598244011520895,0.08568860175943138,0.28077471830245815,0.2099364563373649,0.1770316194286522,0.16191171291614892,0.1679273852638764,0.022052596103483202,0.06106559561677427
escal,covid19,0.39006192132922024,0.5051327648737356,0.6189492630279259,0.29737800347143173,0.5607122901467929,0.17945841964012355,0.22808479991218933,0.5440730010064756,0.3892007195128926,0.5323386400332035,0.260746092491833,0.6209398308964019,0.3238878592163543,0.5563163137912496,0.47193328965178605,0.32591779139555754,0.5623203621837809,0.33002689726925993,0.5422251292065094,0.37736311806412937,0.3249340557195134,0.4330260184716096,0.2951524207741668
sieg,covid19,0.29391670251755997,-0.09513450035036142,0.6214361829442067,0.4319213005624204,0.2840448891363583,0.07791832681544852,0.26866454854391253,0.2730453586217205,0.3411713298017023,0.46996322747942276,0.07974337023008637,0.2912220182435812,0.3904148558809004,0.14651927926117048,0.0676827589338751,0.04851877035015695,0.47519355922108153,-0.07517934256430281,0.3009377935736439,0.2133213694596583,0.15591519922649688,0.15570288371149243,-0.08029259972522618
battleplan,covid19,9.0,0.14677783768645436,9.0,9.0,9.0,-0.27463614273219594,0.07799006612099235,9.0,9.0,9.0,9.0,9.0,9.0,9.0,9.0,9.0,9.0,9.0,9.0,-0.8634848443875618,9.0,9.0,9.0
frontlin,covid19,0.0934162896150551,0.3701482272292205,0.24044152993484924,0.46176253932964983,0.401843613565775,0.4852155854606526,0.305383784669383,0.39929220619273575,0.4485196486111054,0.662686703497444,0.4193956511143814,0.6643638963713815,0.6120636434235809,0.36812141871759174,0.4330323258607811,0.43308533193707144,0.19707696848396528,0.4406351975485088,0.5299777519846237,0.4431754245686771,0.2001792083795908,0.21557692637078107,0.24498414109999134
beat,covid19,0.48671091606284045,0.44083205901872,0.48772877196590936,0.24202416310043584,0.49523593234132157,0.313571576594204,0.33825239270284935,0.576613217088215,0.3891971511991247,0.4290468254815486,0.5058701860247748,0.46872995059369693,0.46591210907576097,0.5479735039132808,0.7074852144550938,0.34965373643568487,0.5854788261612232,0.2222096680206772,0.5295532470124262,0.3540451798033928,0.33839327026008126,0.2916787272342648,0.6953813593112166
wartim,covid19,0.312955947749312,0.18416135616730633,0.4447996254442216,0.34900054867195096,0.6157199475676729,0.16605705950641725,0.03230998270643526,0.2943051685527126,0.47423884783141335,0.48158172749655015,-0.020711325660229818,0.4875738929900135,0.5267916299977178,-0.13249159798222898,0.10108460709875655,0.3273810336357944,0.5031940151725641,0.09007606732982554,0.2723311741704082,-0.08215994025400297,0.28301056802728486,0.0333312842525566,0.040797025503621076
treati,covid19,-0.14476091974787142,0.21805755342635114,0.03597673280500757,0.10558505938257734,-0.13018265997089218,0.2477683029631963,0.11944004423936705,0.10161311947298302,0.2725148894368289,0.2817701374641146,0.32449064790554405,0.1721879587429035,0.14440445578130268,0.20966428235781542,0.4786561983126174,0.15362617897749442,0.1823118437429233,-0.007011157254634082,0.2146643127318445,0.05293633588207225,0.13334172327186256,0.07928162880624612,-0.04195947389679455
truce,covid19,-0.8369177831067058,0.3362154987210848,0.22672153716297005,-0.1114526239528908,0.17453369374663064,0.09640554268596291,0.3789248859135843,0.17649254727060848,0.003672916975467122,0.1307321537265258,0.11223418085295933,0.28464779377217675,0.2564105988787371,-0.043589007736823504,0.07655578681144637,0.19388229069677188,0.03372744061942046,0.2707199592890006,-0.05127139841729078,9.0,-0.14609679219402194,-0.019200142785830154,-0.27140518809969527
attack,covid19,0.48880254509041077,0.4668693261766157,0.03936275813087564,0.30857168592101614,0.6236386378158787,0.6415142668920089,0.5589121226030462,0.40341165732323614,0.5056782879145022,0.6495995708179715,0.5301179618243904,0.4819403687587551,0.6200810549416862,0.4684721724809301,0.5926117724751845,0.44973878728839534,0.7445318702627354,0.5457504781045082,0.13483620795350781,0.4940652057685838,0.3169454161348175,0.15962719253639823,0.5868773741365059
alli,covid19,0.16149939716622197,0.005784197758304299,0.11222051049224069,0.07906823913774419,0.03329647774272382,0.4364349958778113,0.25107673578455736,0.21755825992007527,0.4785732429131523,0.39899543827127426,0.5896464378592996,0.5967910855403739,0.5091601397395148,0.3311120201809581,0.30714734298026414,0.08947733021791027,0.634784650183069,0.293820224957438,0.17436012028588221,0.3383008914635547,0.48166009430913803,0.35359704177236884,0.2378225561617524
fighter,covid19,0.23339939474735394,0.48100072361041024,0.13364430251818127,-0.07210017684508263,0.4746343613725883,0.12406561616774592,0.0019030993818878184,0.2432042986596532,0.20885265117170615,0.34996524977646426,0.5863493692953301,0.2308808773980322,0.1895726495838379,0.19415615351270743,0.16167544519762378,0.14981115222182428,0.15629288996796786,0.15136820076478263,0.38699294532181105,0.21400594404486628,0.0542961564645289,-0.04799261614112216,0.3263538941466828
liber,covid19,-0.10939770056971376,0.3741295387559169,0.1456613978067699,0.393055726774044,0.8198510764133532,0.11170514060054937,0.5334204522180108,0.43142956172578084,0.15014365932989504,0.4990626582001656,0.49647070583228947,0.5589127482728463,0.5234433236268937,0.6376689201219946,0.608834263405457,0.21897216262626884,0.24370146885979727,0.5056216557215996,0.3044931259864492,0.1681065764654328,0.39351284418182564,0.556470459275095,0.34258800683120194
peac,covid19,0.1760279157599388,-0.13520867606279285,-0.007189063442338384,-0.027789744746721468,0.5266480275304846,0.16482897547050845,0.6369674737454647,0.26958636729985197,0.1531462057075963,0.2866594470941769,0.2927926945947885,0.2609680852132359,0.4664516018381818,0.2957006534019124,0.5144231027403293,0.44944032944525825,0.4607481131700256,0.24812470870014902,0.4408793146507015,0.5094902498563831,0.3866661746480091,0.21708606788177298,0.11424454726647659
grenad,covid19,0.045345350738285495,-0.18879027333626586,-0.1969630733540435,9.0,-0.20076113875771706,-0.219203003910313,0.006582913460330131,0.14541907584402203,0.20275927161478136,0.2691178309794847,0.1061334140645187,0.38538195758621996,-0.10988854954728433,-0.014283326810934138,0.4667922167397718,0.14911441426150973,0.08316084360329468,0.15826205030284946,0.15301667335805114,0.18710485957440137,0.45963325115251163,0.3018003556539355,-0.05628472153638775
fight,covid19,0.7682875111072882,0.483956894706122,0.6354304102578046,0.5389049287027747,0.7361146029515508,0.4028968573661249,0.5419310875304703,0.5553283653231317,0.7032535434413527,0.7589404172921104,0.7388626708950404,0.8513035148700877,0.5787230204528452,0.7409466600785889,0.7913031190941946,0.427098563791261,0.7279670289688073,0.484228186032323,0.2522760485846314,0.5887905837030892,0.6925450951431938,0.17316692006384693,0.4486142485355237
front,covid19,0.2321682558598388,0.26236165705287806,0.39446829862078003,0.1024195223760973,0.6111075017542889,0.45265286935681837,0.5901701085508833,0.4437397918399244,0.17077049112897846,0.7231787901085931,0.570327870144404,0.5682400932071121,0.6148084199216625,0.597456357848137,0.26755264765284625,0.5948651590415417,0.35652251482185027,0.2980075896913499,0.5597485371056317,0.4612428733409639,0.3076825509514268,0.3472587628944104,0.2675570708732806
riot,covid19,0.15608800149564472,0.37212990565080106,0.35024002376587227,0.36778305707011105,0.4672914520155982,0.1194369376173795,0.04789459724029599,-0.009744942724264849,0.2781236150061821,0.17799854359338618,0.18898879945002278,0.2474684173779126,0.5656779129184207,0.38238740351844513,0.33487772898712365,0.08951540286162607,0.2893974495485785,0.7295090004095816,0.5989942965131244,0.47978777805743356,0.6555575509405808,0.0985137860051839,0.3178781855516911
vanquish,covid19,-0.11543641747267097,-0.12000945751019376,9.0,9.0,0.19683164704918266,0.25851730680412177,0.18351847989673264,0.058972669567429636,0.35003559069736045,0.08615392370231645,0.2987103798554458,0.04054050971826273,0.20882803733132027,0.013001771947894536,0.4776780806738029,0.06647008645305186,0.24969344137492833,0.3004241379603443,0.03762151782927747,0.04313690452806751,0.36709383860223244,-0.11673560460872112,0.25683472909966854
ammunit,covid19,0.04717841158713698,-0.17822136598189942,0.2190411644878194,0.09496719494317973,-0.24137985489453095,0.23926731611897578,0.15044078276529205,0.009590433601447512,0.2482895518691446,-0.008010205445438512,-0.03053259609717518,0.11548745481192713,0.2644276424684081,-0.035864607124749925,-0.038601481351760336,0.22371312301528834,0.2599555265723019,0.036259584704120607,0.15457888853215918,0.15872029786583997,0.16863227402279635,0.0734758861649707,0.3273008996090008
peacetim,covid19,9.0,-0.23238627568525705,9.0,-0.052062329302594135,0.09147096163502544,-0.10352349958076812,-0.03447694501627563,0.08455385212595812,0.07132893239085814,0.1843199324005691,-0.013270784186943274,0.15729332098787252,0.24257415602963162,0.24106531391989694,0.29470330706608183,-0.013272950365590619,0.04420735386794328,-0.013581296744515248,-0.08378497985384126,0.05539097403869886,-0.012374102460679381,-0.05165818298648439,0.2199632965752456
victori,covid19,0.4664135676932666,0.3808602729634074,0.37805903887909476,-0.02834126090264477,0.4292798759042833,0.2821765618308003,0.02337253183654675,0.32139383931274956,0.39821640967126815,0.33031361980126994,0.10825125901658272,0.5172560869101407,0.5003847520742369,0.04578948227671242,0.2951556497928647,0.2849781530011628,0.44669535576371167,0.08330055020615812,0.2669352737940214,0.1154240102943781,0.4593868061357078,0.1616100632334584,0.48410503681206274
crusad,covid19,-0.15721154635525947,-0.2111944998655193,0.12613619130102394,0.08051838851203652,0.6116647494227183,0.3520705877411334,0.20767274075393405,0.22302565113728234,0.2381076979927248,-0.0009299237814284211,0.5664349800618306,0.030799975243066324,0.03500718741910058,0.28199193569414316,0.3065972888349351,0.18524840849846036,0.2598425499363789,0.2468930164530585,0.18373568979574184,0.2508356498020814,0.19279315742278746,-0.10991043201876183,0.12542933513702592
war,covid19,0.48213984022243106,0.23646517804518274,0.7257128801566474,0.5817258002283029,0.31645119256844834,0.4565289277903608,0.358173392802281,0.3869558936819373,0.40770284415938784,0.37151793273269185,0.5364075063472864,0.43543718157410727,0.5275353012545329,0.4724192759049186,0.649935679360515,0.4063645629816184,0.3110052152537881,0.6871929440101167,-0.06071944801519269,0.14152945214343426,0.495031453720723,0.346333139289007,0.3773538029210013
retreat,covid19,0.3002010500046455,0.29955252888806627,0.34123314146335426,-0.10747291136680848,0.5875075931949503,0.0466797433953865,0.4198218939088776,-0.08678514710703289,0.07043670490285914,0.44690551136867196,0.514309054636924,0.2084144892949651,0.44686093380775516,0.3224308725665249,0.3324066738767575,0.12347453121971219,0.4407209986895828,0.5257506962588073,0.042583036400254626,0.37974906606211967,0.2602629382484096,0.2368664687501224,0.20119310401485757
command,covid19,0.28595315125565524,-0.04865487982586947,0.03167759531889214,0.3602539779193419,-0.05525106842325611,0.2107456752551975,-0.1406924730916197,0.2627581599737763,0.4977410446352821,0.22729601239233788,0.07982218926909268,-0.0025593620286550323,0.37212896197316137,0.3793188720580176,0.01093144453668582,0.09426296237301857,0.4714972648434602,0.5100165354167179,0.37876831726215643,0.22400588619115736,0.5681315312881865,0.052541260013116875,0.4661774956885807
foe,covid19,0.03619833702079822,-0.2765609204419488,0.13019044947220126,-0.09496895805408978,0.2214731694545422,0.11141226812434402,0.11367029253998351,0.1217120028413401,-0.012805076135418814,0.15375494431499404,0.5400420136321341,0.35614873447602935,0.03360484247740636,0.0380573986290802,0.13965688571521306,0.2371645417525966,0.5291750654027634,0.28876247983624515,-0.015479095989330505,0.0777083517892222,-0.1005441062667507,0.2912426677770137,0.20867069917718795
unitedfront,covid19,9.0,9.0,9.0,9.0,9.0,9.0,9.0,9.0,9.0,9.0,9.0,9.0,9.0,9.0,9.0,9.0,9.0,9.0,-0.13173590473084396,9.0,9.0,9.0,0.21114486493325813
casualti,covid19,0.3892185547365137,0.3522155968765527,0.5485866928955068,0.10278958346249012,0.7954880654452213,0.3800610857076089,0.19056246345692762,0.15015603621273088,0.2871247748206125,-0.08906851235159152,0.37670672326435506,0.1980066378872365,0.3850468535492517,0.2891971601846588,0.3845213009742263,0.10223265200690346,0.6011980370838004,0.8102903621338129,0.018642263394831216,0.07210427685177412,0.46028672146657823,-0.014674850827311792,0.3287619788605558
holocaust,covid19,0.13020595733734008,0.249702621359573,0.40785945538938084,0.30323880597807484,0.3457189077293903,0.2182003752243642,0.31209346308083274,0.2496815120839927,0.22817009730441717,0.35845933502302674,0.05211951216147548,0.041669225193896264,0.4716308408510028,0.12452628909050167,0.024991260891611744,0.2870813474170537,-0.23942395993179222,0.0537146333406906,0.18487779792324077,0.06699024798973663,0.2405517918790373,0.17451457920927838,0.21967165768460295
troop,covid19,0.39869916493333024,-0.0054421286352757114,-0.13827415145430866,0.2831096212110147,0.25092818954480567,0.25218326924157064,0.14808435244170415,0.21530224854710367,0.4566214976960459,0.2767079038176311,0.44419484367145823,-0.020327011666921857,0.386074976693364,0.23950741868341074,0.27067849745317496,0.39469566014046675,0.476297148591698,0.0383759510725582,0.34486318533656446,0.12179288626806661,0.028145425928619905,0.08320597367499805,0.33582657100112656
invad,covid19,0.0414251423127977,0.2545534157201045,0.04404734487654294,0.2420033079629189,0.8392012983620535,0.3015770419591639,-0.016389560647097845,0.21074108306868367,0.2564312881961859,0.31529185943052984,0.036359993486852704,0.2112948580510463,0.4423803819944785,0.2599369018654727,0.14705825544785234,0.5317037586860496,0.2668759114139029,0.40176279565421213,0.21141837745473857,0.2725924170655454,0.29186161013089906,0.24456606264219782,0.3326785598171109
battlefield,covid19,-0.0283492636118039,0.08761089604259398,-0.04329333219049114,0.0011385869707146723,0.12848680751343533,-0.18808011267224112,0.040552636893371186,-0.0427834436150909,-0.0423047209338836,0.44788096438383973,0.45243604345501875,0.1722442224129126,0.2158287907119235,0.1355353462008959,0.21440520094906912,0.32100267770212887,0.4359292154542673,-0.042259026669694943,0.03452427290686044,0.08591911128037255,0.39593159399736333,-0.3427961792709624,0.17164221584818462
tank,covid19,0.07924585554396413,0.17438794636261168,0.5489578552666848,0.2852304199331761,0.3596490289812029,0.32036364985007104,0.16449599765279888,0.33465304315147115,0.10656431924991505,0.2733657330397583,0.4075040323346678,0.21664275770597285,0.5515727840268374,0.11883071285853786,0.238987100323101,0.3430844808158059,0.501615436284883,0.814890697134962,0.36615283083697525,0.3017798854104141,0.6307441853507647,0.012900528910612774,0.25484664795400747
campaign,covid19,0.4087020494966257,0.3536770913135412,0.47873529049927743,0.06073363023238654,0.5805226216597341,0.16585419968379345,0.2543048978581599,0.5228176253685588,0.4646666091586249,0.31788048478735587,0.27093733082547433,0.5529554173391475,0.5330891975672384,0.540285504533561,0.7134424333914625,0.37943461011074353,0.5803172972669903,0.36578786358604765,0.4573566573626806,0.4163273641971781,0.5923072718644881,0.25323846892468826,0.31040805524819826
warfar,covid19,0.5777879980083844,-0.07300165052658247,0.1385068017768769,0.17051184779151285,0.26667831587127633,0.13856931229385872,0.30493225603724394,0.3038631230711354,0.35161177680455435,0.31013865802710006,0.216248202823203,0.22941160897672463,0.30693373595524753,0.09302518828000972,0.12801099340993405,0.2417733723711768,0.07608495741705745,0.04114878021137203,0.003331868324371823,0.22306555235074688,0.26219605771493304,0.28033523624544787,0.27406814882340536
target,covid19,0.3586815140164541,0.3039688482717873,0.4993223700185232,0.32998127974213587,0.32481558670965627,0.4564005890791297,0.22276422492960446,0.38393117116440734,0.1904248367841449,0.42314666212970264,0.5350843550705628,0.4539016798321317,0.4186869339725149,0.6387422154120497,0.4403879957860053,0.42301052714122256,0.5507074176287445,0.09791088638449108,0.52346585700317,0.2688624376143176,0.1797369669565806,0.38983626857250586,0.566912438751257
conquest,covid19,-0.8369177831067058,0.32624507373882605,0.05125613582773525,-0.0347295802938965,9.0,0.04083377586312875,-0.0003834526999717536,9.0,0.18567295910900072,0.07421759624236479,-0.021222581148259367,0.2341746247143759,-0.003934336629136004,0.14964775311566325,0.1291840175420369,-0.19946337996848573,-0.8184435357497593,0.2874504152692632,-0.04393162758913394,-0.054897389038808475,0.01908861049049082,0.06685823377471922,0.20037574997048724
threat,covid19,0.44387748157304474,0.3836694777735751,0.3539598960771191,0.18722231633080755,0.7330576052560235,0.39817594128582645,0.6511820789278959,0.2632732170246981,0.4714319613561888,0.6788961271993057,0.46163069094815457,0.6559677959191812,0.38330109248773425,0.4656479614100606,0.5274812390746633,0.505883147220158,0.684764633554982,0.12444032808084138,0.6018815870533408,0.201841673423233,0.4729487374293131,0.046532926383180184,0.33555507783315186
defens,covid19,-0.07165131796394864,0.19716175285524618,0.15586191954929263,0.25790655154028586,0.6069550088894016,0.40260083413435566,0.33198789118994276,0.4366173999233416,0.5235991459967936,0.19861623818733642,0.32932445766969487,0.34676467861792015,0.3553696709214764,0.3909023287849618,0.3176843018471409,0.2508329506950976,0.55010944600744,0.5981676185656715,-0.15863413870252518,0.45634581262066765,0.63349615299972,0.2577721767823624,-0.067451802082372
guerrilla,covid19,0.05186340092316821,9.0,9.0,9.0,9.0,9.0,9.0,0.08710545986046658,-0.04433811537247512,0.30053834983364736,0.1568781034792751,9.0,9.0,0.32957970201409326,-0.9043076568558122,-0.09891034294815304,0.00586971504472289,0.08153266921605817,-0.10459299107536935,-0.07232827657297292,0.23210632560954636,-0.028406336224796824,9.0
flank,covid19,0.03935894571543708,0.33040877918063916,-0.019678125571093386,-0.18912977568001565,-0.10692463285917975,0.10613424797885496,0.12501192808120953,0.1403621567012171,0.024180367469871178,-0.03575870917340862,0.24096392808009526,0.2624790186087489,-0.1242569893351595,0.13369085794642566,-0.09200605777842785,-0.07042894030044056,-0.07624913096558905,0.34849550570048626,-0.050785593405644036,0.3036385204720996,-0.03792697077861851,0.08438649663291176,-0.018213734359358913
salvo,covid19,-0.15590616088353304,9.0,9.0,9.0,-0.07371947590201611,9.0,0.3784379850967685,0.1599777274123525,0.07860132942631604,9.0,-0.04208069295987249,0.4165574199499247,-0.21155021380351258,0.020085440035872426,0.19664896066426785,0.1346418832910784,0.03104409035351141,0.038985482520770165,-0.20209275163124762,0.0030534799594084117,-0.014016351896254609,0.05618648963474637,0.34082538024215703
armament,covid19,9.0,0.1737588706807519,9.0,9.0,-0.05666625259367297,9.0,9.0,9.0,0.00632838487539833,9.0,0.024542370486869913,0.10213333606732289,9.0,-0.13150849801197118,0.12069123091579936,-0.008332567271987168,-0.11508868853653853,9.0,-0.8526146648739246,-0.15571984557674212,9.0,-0.08764296670157634,9.0
ceasefir,covid19,-0.22820794966195024,-0.2436837755706398,0.14460344811133696,-0.036615931394010204,-0.16594532315247323,0.2065060718461067,-0.13503607013775154,0.13925356882545814,0.06181544899760494,0.2827506535163494,0.2312380008982975,0.21235519957843352,0.27256100838573183,0.33289890699742886,0.34014231116348914,-0.00428702695503147,0.1518740359104691,0.20486013545536608,-0.03970218331756792,-0.14419365093714354,0.20170417961906661,0.22449126489402083,0.2210234617454736
conflict,covid19,0.3878129003615076,0.0717214310898846,0.14399279514229169,0.14289883681680815,0.6119008718401325,0.3051144584651452,0.5963834706494515,-0.03937879418217172,0.11692037149357071,0.3678394237432292,0.10932414182433692,-0.019976940091692708,0.40036804657193104,-0.025733157493599945,0.3177120388558712,0.15448113376052441,0.2912078402980268,0.3076666367465757,0.2854784124353361,0.2288829318650487,0.19136960366097044,0.19468823490805787,0.32637664012865897
defeat,covid19,0.42832482231351543,0.5416760175592588,0.7208867937108183,-0.017020598169413814,0.4463280515568071,0.3498533025365236,0.08580242198384846,0.5735387608314307,0.3522997022905586,0.39551043481477133,0.4032106960138162,0.28319311564293903,0.45517212039139654,0.39245390163185356,0.3632268039264619,0.18406851863582052,0.4608274863406411,0.4305514825680905,0.12740367362934157,0.08076500471579229,0.6079382044935255,-0.03472282526008441,0.43247756830741446
minefield,covid19,9.0,-0.13519533435726605,-0.0956463460628616,-0.10427156403333449,0.16911321343277197,0.23534940107949298,0.08114093285145019,-0.013273976973092294,-0.22749601123976282,0.25853242865077486,0.18497914017575656,0.30396262653820594,-0.21833724445357072,0.22335057043530449,-0.14301048297065,0.20818479349754393,-0.043997381720704,0.2045117536146539,0.19377162166773276,-0.12997181599770058,9.0,0.12755009943216666,0.06797387947340394
gun,covid19,0.09778501768512093,0.14135972698315669,0.06215450906755404,-0.052566182599197875,0.45204259710016115,0.6291433437852307,0.31113713067601145,0.25021124864543276,0.328378879938639,0.5010210003716589,0.5503508142093659,0.584480611136376,0.6431947636245402,0.3207915661430618,0.3385371754582607,-0.026249086627110785,0.4737718818651949,0.8594535125077245,0.31287919329261293,0.33262489952663254,0.6568083934025088,0.20756018025607104,0.2786027163115916
allianc,covid19,0.0422924965992183,-0.04558163044093977,0.11684074174505854,-0.03302865243160524,0.321144904415228,0.3060656943554856,0.1132815229716283,0.20063630958128464,0.16165051071586367,0.4474020292192562,0.4293728334750915,0.42441647567832164,0.4709111712402909,0.4744510601185441,0.3752276470014766,0.3537255974173519,0.20911274212386277,0.34523221839495843,0.27330410341552325,-0.11718801127897072,0.24137142762569885,0.1504159805038412,0.3946108018785768
resist,covid19,-0.05095263592018595,0.2044350844929288,0.09457730630475303,0.373136452181247,0.757982805295581,0.25420325170902847,0.5888663549719898,0.037805358524272026,0.3342969434903865,0.15251476347864845,0.5079584921680033,0.5785142604301285,0.32853271570025444,0.579639549271233,0.42430156615739945,0.14453483386024768,0.6061834746950431,0.5606413732474845,-0.02350380557068732,0.15403759907060643,0.2057219956308619,0.34595466994100077,0.19399262984414511
fire,covid19,0.37351850549472054,0.15852561320361036,0.5771901300518216,0.5800832603239666,-0.10112895383218734,0.36059408516859814,0.18871377890161933,0.5120268596307469,0.414573868419577,0.4558109854773793,0.4315861529346309,0.6066781413896786,0.49776962933884317,0.493797142709008,0.4777838428985408,0.5239311457706588,0.09460052267705432,0.6303991364144144,0.4860156410390507,0.4440965784043357,0.3550894862157893,0.30813887060333867,0.23532104487078565
artilleri,covid19,-0.0562392918233563,9.0,9.0,-0.09574188373322512,9.0,-0.06066787050743705,-0.10072767977392161,-0.8867559744834401,0.09729405993778195,0.29894173663320633,0.24966350167268803,-0.03969856471429223,-0.04194416519140631,0.17138598290342466,-0.19351140034662873,-0.008834624662424906,9.0,-0.04018128874638216,9.0,0.11326245451412031,0.30771976955193603,0.22552631478851448,0.18459562608390623
chlorin,covid19,0.3122913391411075,0.07569617708598675,0.03355133373673613,0.39609430272680857,0.004504116878529141,0.10561667002391606,0.09091802103367042,-0.14099766751851162,0.24516007813556373,0.11783593317185448,-0.20040823418555598,0.06599356964369274,0.4792117780649314,-0.0807738686106787,-0.006185119878191481,0.10919624717717302,0.17726734622103923,0.42867944855717366,0.0588088498794167,0.08507433807866072,0.043490882740124026,0.2516873555850878,-0.016577341120092903
chip,covid19,9.0,9.0,9.0,9.0,9.0,9.0,9.0,9.0,9.0,9.0,9.0,9.0,9.0,9.0,9.0,9.0,9.0,9.0,9.0,9.0,9.0,9.0,9.0
unreport,covid19,0.3025089219806497,0.14007796739579526,0.15636313025773385,0.11013316611022117,0.1666842844394536,0.4364297921806537,0.3795243840847966,0.06719421904352207,0.35567886608217614,0.17541900203700622,0.27182007997696034,0.13532919217434047,0.2917766928566399,0.3666937246080486,-0.058988992722039946,0.21523006869499395,0.2910453042653818,0.37116737251131116,0.23068109808723036,0.23571203781185135,0.41528059692728525,0.38299244038146396,0.25816184964898503
electromagnet,covid19,0.21272652347153742,-0.07178081351892107,9.0,-0.0899153223501854,0.48539899290762345,-0.1216327844261047,-0.10182231231039562,9.0,0.1517932684153076,0.27337595259380276,0.24464352948539714,0.22775712158942163,0.5327064779415278,0.22004343471941945,0.0456395620126504,0.019316615745655574,0.27012657484642344,0.22399001011124686,-0.030997221796434715,-0.1431121749461739,0.0701263023302674,0.0024520023203865593,0.009917242153188788
antibiot,covid19,0.31212655049361515,0.3491849216477074,0.6887099863295361,-0.027960998949007054,0.14118017220065227,0.3785039104091492,0.3831838365638106,0.0036266853628625917,0.09928970873847565,0.2421610380093574,0.12059011413762422,0.4642621646604598,0.33398650681380515,0.16365299467796346,0.42034075759430967,0.23578054768556211,0.4020961438711639,0.4945041002782833,0.28120205876064186,0.33277757454586254,0.40348924750698856,0.14273549112092832,0.45219971504699696
microchip,covid19,0.23813225391761983,0.6131436909943847,0.29037817955669776,0.08532057541279514,0.611674723096051,0.2038426739783421,0.5359834759953717,0.30950692551777126,0.5916625376956159,0.34746411279595757,0.13306601286906017,0.3058064707987367,0.7071998505929912,0.22194480533432748,0.12977354713543165,0.2914462769000612,0.49076155951183054,0.39324697921834706,0.08910188087177595,0.30936360045077493,0.29803543303689484,0.296200026288965,0.31801741486350377
overblown,covid19,0.057131374536184665,0.15761310067051548,0.33781694294249287,0.15931452578724048,0.5953986865532589,0.5566281558492869,0.3367811464830075,0.2681738281616217,0.15066220847875755,0.3300260208493788,0.10630923285404703,0.6083708200608874,0.25466757636444504,0.31583567583010463,0.2601684491190983,0.30870111977209924,0.40317731113830857,0.33916698125064615,0.2551980923134055,0.35424527202876477,0.34394454924337214,0.12396835497873637,0.23606393979940432
flu,covid19,0.5191185690905159,0.32677060769618227,0.5061178413088242,0.5106967781439297,0.6573793970670343,0.611236358689083,0.6006383606564744,0.48945320465574493,0.4795605160283841,0.5454464646918632,0.32320040123296256,0.3959456335328596,0.45157290039170095,0.5060101789746704,0.5953367521838937,0.23552778760475357,0.6989631882228333,0.7673802765303447,0.45713046915615596,0.4698968573272926,0.47196272147874474,0.3278741251010957,0.5698980156094124
implant,covid19,0.15262145256869442,-0.03174327361634477,0.35291665319065824,-0.19438175984705297,0.5414471754630868,-0.03299656885924951,-0.10232782378358607,0.039337407561232496,0.19804561704966062,0.3053243336012884,0.04251771601753884,0.10930051742067481,0.33238345075307507,0.40171383222168977,0.17101229004566,-0.026640595381484777,-0.06867841454421031,0.042775147808701286,-0.06307414892164132,-0.005484314546156055,0.5995859006546419,0.15945773326988533,0.0770352433693382
gate,covid19,0.22457336367557246,0.2540147552991585,0.1573424411841967,0.3961501646084814,0.5575285776620037,0.36449884390099174,0.22787978439909662,0.22475452254256345,0.2180062068264943,0.37699855316305086,0.4951456900971347,0.6165971282943319,0.3650910410932675,0.47405628236945063,0.6278759312143075,0.16354894875355552,-0.3068836153231169,0.22810636947849194,0.3136383480769538,0.24030707289182518,0.16524923183850637,0.22954817820493778,0.35043673813495935
bleach,covid19,0.1303781295748,0.07993557370157411,0.20707787751912843,0.15550519273171393,0.5048238364041228,0.33921666451649957,0.6133194772928041,0.10914064853453209,0.3187546812471047,0.32804938759294955,0.3406909762571113,0.3041591758303186,0.2426989368054253,0.5707637934578891,0.4733032435286162,0.07812425769111653,0.0384700508486534,0.2658815463594262,0.2721023759240826,0.08817037329599908,0.3352419686194703,0.1732653820657395,0.09497524725658557
hoax,covid19,0.48484175563248844,0.3414738315297128,0.3141638968937197,0.3245809191016451,0.7535255653014835,0.48793971251340307,0.7121139766454323,0.42821536100193613,0.4208299362596144,0.286586622577512,0.4621445722570703,0.6374646124915908,0.18449454450493485,0.33696962317336054,0.27798764418683786,0.6236946005614554,0.562813748597411,0.33984189897359485,0.49059259793908594,0.49594218045270944,0.38055074715854564,0.30876863270432053,0.2137057229825321
5g,covid19,0.21086838564548827,0.45794778732961117,0.4308187048886847,0.4182673105298136,0.7392226785815362,0.1961576736828431,0.5720994411436583,0.1128417817606503,0.38088137645202225,0.4790628856235335,0.2603235106159848,0.19122541875673704,-0.025812821634423555,0.452424647577487,0.6117051865526157,0.11364063059413498,0.5511242426773517,0.3553215184936631,0.3052513049229497,0.07365448645136397,0.5032054449892424,0.16746873694296205,0.25955355990918694
radiat,covid19,0.3424719240613596,-0.19401646515713966,0.14948725404735264,0.4394259126436497,0.4012161224261326,0.04367346411890494,0.45194919028312,-0.0666004242135727,0.11926764225655928,0.4882136227391709,0.052555409399103636,0.22442150255207216,0.48277450744821304,0.31947448819166846,0.2529858824658111,0.1171658553006254,0.3035407726525141,0.31279559500153553,0.3315077540974116,0.12563585878907424,0.23268308738014265,0.10511118157738175,0.07590336041893342
poc,supplement,-0.0459309118200939,0.14974596678209173,-0.04114920562980995,-0.008097957201695039,0.374277868305553,-0.06903246741225821,0.09542466506187253,0.027104671715310502,0.03853954267590809,0.044993738574634956,0.10408332927545716,0.007598783131427922,0.5102081568419932,0.2105428996124692,0.12944305241328158,0.23954308238157385,0.11409156487085059,0.33341284388686376,0.10573321949489423,-0.07298736560174501,0.3445713659027716,0.5376725166775564,0.4161744525728269
poc,vaccin,0.18487901159901088,0.08032465006711242,0.140371688176407,-0.0010903340765899827,0.7134550597021152,0.3528059811614199,0.145417679066139,-0.1277956294644942,0.08614228173320171,0.15034446903031784,0.2801757995031705,0.023920721812971002,0.7882088485874184,0.2919355574710214,0.34372916173204515,0.2940747608867196,0.06362431017621528,0.3845808553489395,0.016047480091194166,-0.03292247012071714,0.1583304623600571,0.636662568858647,0.24906118747717443
poc,depopul,0.02821737166500371,0.09855626712384358,-0.010723006883055941,-0.0719176223051663,0.16561960364402828,0.13195296327035255,-0.13577154172912564,0.01080948224214806,0.07814882488628527,0.160493438844044,0.09917164745235008,-0.10235036122818619,0.6713239176355905,0.001420565645696703,-0.051858460903425385,0.11688760082929361,-0.10026149673881246,-0.056918586163924756,0.13963533662331395,-0.010857468856554364,0.38837753038504197,0.5364082714955077,0.6442234208564418
poc,water,0.08525255386144803,0.0924981611443989,-0.03570686717212013,-0.0744994204664311,0.14322295052543765,0.18718129029268693,-0.19163460320882564,-0.022129179083350214,0.22670212317782257,0.07585987840132846,0.01983624472981227,0.15839873134732585,0.5043004915581992,0.2596390451758267,0.26025489741388286,0.16501150259690167,-0.13763208209970323,0.2660046196523479,0.24055903624099817,0.005637669717294735,0.5537922679020918,0.1784924894196821,0.40107643954710914
poc,immun,0.07572285987951699,0.08512805550902924,-0.08313602563885603,-0.03631207390523983,0.44201015753377004,-0.04167750774544077,0.22227801490409838,-0.13857488155585496,0.020384111236497415,0.23997984727297583,0.4031807591195804,0.19326525491560442,0.7827093695379264,0.24928593671962163,0.40347077577612533,0.2104328457475093,0.14889825463292827,0.3335129017733507,0.24088692966772718,-0.053592583409551864,0.5808655281130976,0.3048517182698849,0.32147411808940274
poc,vitamin,0.05346752940900601,0.10120555456332236,-0.031266744303864336,0.1424179595297015,0.593106024655545,-0.021782572220538254,-0.056205296077205036,-0.08698400851560528,0.040684268976496574,-0.0010550067650876294,0.0013404185012438896,-0.08529823633989753,0.4530604447745268,0.05147135852555729,-0.07364785827348075,0.3725820716285635,0.16696878152585615,0.3505104871256075,0.6017636320281042,0.012851205220610895,0.5454930633846198,0.588371286680113,0.11969149514361699
poc,vit,-0.10738024190624174,-0.07838929406015982,-0.06687181866917724,-0.0531556446337218,0.29148627821603623,0.005798905249506547,-0.03313848989450574,-0.04368791464036437,-0.016158222059917682,-0.0311737377902801,-0.0461139883514361,-0.34123164727165056,0.25708198899986767,0.062231863070553395,0.19996709094075316,0.18064531318528576,0.008203483477074003,0.00584201902058612,-0.020614381951443717,0.017485540670941546,0.6615453150183672,0.34762599226166657,0.31083575478597214
poc,inocul,0.08508905831703029,0.17965070162556263,0.058823318079158415,-0.004063805286478317,0.2926118183633297,0.07741779943562688,0.4244578231440401,-0.0632507787583223,-0.3004299392501377,0.18827981076784472,-0.00788946925475309,0.09833285947716708,0.6032938680132691,-0.026328915355297244,0.09014845108928027,-0.04928400036218061,-0.10431149453992705,0.10071892949800776,0.021708190871178812,0.007945516741622471,0.17593558776541884,0.4530531689934243,0.18688403505017415
poc,colloid,0.2139790110354377,0.023600429210276164,-0.00933716348485869,0.14427444619592134,0.4323410730956033,-0.14151041591491498,-0.06562394882010358,0.0033480380020805,0.21222102810245236,0.006771743694886201,0.005862661700773764,-0.13756247817263634,0.2290537794809714,0.3192176395228179,-0.02810268904781177,0.042689198227445546,0.1634604580146618,0.13122857404212396,0.5546978281347724,0.0029987435928461315,-0.056103174238577136,0.4604943514782519,0.23158776330153974
poc,genocid,0.1499994754361772,0.14680452212335549,-0.11924666207099155,-0.05314260316632291,-0.06746102552015087,-0.02346293123562959,0.4285021465101222,0.06319427467916516,0.37847136089357103,0.25015147863990816,0.19716010523421112,0.02912073399631765,0.4814366991759631,0.2553591783109068,0.12799880777822537,0.07454608714206323,0.20322849617665928,0.46071221369603044,0.015145008392165038,-0.012936555188954202,0.5506364880093041,0.42407206675729525,0.2997480235945258
poc,garlic,0.14332244462764665,0.15012495074594112,0.05826940066068187,-0.007753120306362327,0.42241842739444224,-0.088706574871104,0.12097562852530386,-0.08040853860686159,0.08376803357081486,-0.02797708292381862,0.15365965983721053,-0.06811564451482766,0.36673684802309237,-0.03729373184093432,0.004197632013439145,0.09867499054629414,0.1043586424871975,-0.03125458019875227,0.24790468849628144,0.04889002138490173,0.07358850960641827,-0.04748657068514728,0.017473750952409106
poc,zinc,-0.04328111400911805,-0.1465321703840119,0.24433255955347621,-0.006883271300942573,0.5035765751987097,-0.006950177975316274,-0.021409228778368483,0.019172679579253726,0.02497497629212586,-0.13966646559593388,-0.01982328760656693,-0.06874595805051897,0.6414516769605584,0.11659588274008459,0.11993674110454211,0.2250169987296795,-0.07789316305482918,0.03859573147916118,0.20771884030436183,-0.013353094873190807,0.332797442779026,-0.027386762637895856,0.207368009429442
melanin,supplement,-0.08461357396283398,0.20948336456854788,9.0,9.0,0.1733336927385022,-0.023274521892818756,-0.007765531002838388,-0.053065318781746695,-0.17807564278921295,-0.05331320025814912,0.20290900802944334,-0.04268706377872222,0.09749056224216202,0.031746077731878874,0.12747639584054005,-0.16419034970386193,0.20885757409787664,0.08749990384937734,0.11197729278299062,0.19823146168248107,0.24443359021715494,0.4194336689921383,9.0
melanin,vaccin,0.1392458177258702,-0.002517481896963103,9.0,9.0,0.43855948080295193,0.04791397320209112,-0.044454545908718224,0.07227961104027025,-0.00764485659871017,-0.06418887968555342,0.06390118110279075,-0.04217025632654137,0.06354973861770241,0.16769970855760163,0.06938588285748093,-0.17681012084586545,0.2771364759106847,0.007643454357204149,-0.025369324323832654,-0.08547135628607827,0.6837633238682607,0.5578787354079713,9.0
melanin,depopul,0.06933688149555439,0.13552811297895673,9.0,9.0,0.26267240506658884,-0.07839290633817364,0.025666980361301217,0.03463928163661156,0.06124125885376497,-0.29265706887541354,-0.04637963107864884,0.0186531946677726,0.04741685395971973,0.0680020608854578,0.18246574360537393,0.02627714368916645,0.24177979819888973,0.00034995615058197593,-0.03286472432624543,-0.1532878248351246,0.4213788498546073,0.39980591804133225,9.0
melanin,water,0.2775232727037624,0.16530782188938775,9.0,9.0,0.07078450601196529,0.040032045913737324,0.01732400970137593,-0.09778852326406051,-0.012542666712321404,-0.0521303934019568,-0.045709862432319115,0.07629072277341531,-0.06659143623949837,0.32387669005079656,-0.053841330410557164,-0.10591925408742786,0.13791836521539302,-0.0052039181887095776,-0.0823343428457688,0.3029936250887175,0.16799281918368036,0.2360694962942942,9.0
melanin,immun,0.40753544413045195,0.13393521562590216,9.0,9.0,0.4726069322350487,-0.05685502003097276,-0.06258735909927693,-0.04033151047478478,-0.018026165638563185,-0.12662573941667943,0.034005796199612526,0.15397407275007557,0.15973054009528576,0.24769513745063687,-0.0968780118108088,-0.04524254094751323,0.07387726893842994,-0.04271825428255127,-0.019639204489914297,0.05654183431612547,0.670148358371393,0.26680770295613787,9.0
melanin,vitamin,0.22121645074994678,0.18445632051884542,9.0,9.0,0.4278421074710351,0.09713269625542886,0.036574178087819265,0.09899530111931332,0.12179426653454384,-0.014230380555634081,0.20404462279904312,-0.11798364593317623,0.21708855248869463,0.06650636718633729,-0.23890995187967068,-0.1583398347059508,0.23069018894539983,0.05634194694033734,0.14241042280516814,-0.0381333413256042,0.32538997238422707,0.45908002232302136,9.0
melanin,vit,0.014950328193272133,-0.15445739026362215,9.0,9.0,0.24925711723966504,0.092837156230969,-0.0030042986312943665,-0.0249387118348523,-0.1628143884583726,-0.003930465205363776,0.03628596873066925,0.13131991917142505,0.10338084935461556,0.04090637171057376,0.02232665118719812,-0.074771424015865,-0.004340640907750437,0.13108663549870792,0.2601784761052588,0.04329683423544983,0.02418291507580106,0.2947937859166807,9.0
melanin,inocul,0.338070537753304,0.32963660477005163,9.0,9.0,0.3407621355302365,0.12509857134341762,-0.29049157244977075,0.128267116918113,-0.02758877592646658,-0.04123512560211706,0.0694020075629469,0.09384071014370621,-0.16452897893649654,-0.011562148701444785,-0.04463919611675693,-0.010314415712575409,-0.030068923613526755,-0.00064475219755189,-0.03295561296123384,0.04664285199130691,-0.16128335888472867,0.3286987496310999,9.0
melanin,colloid,0.03351351016738535,-0.08328168892612142,9.0,9.0,0.41139188762587,0.08195617651412501,-0.10178051877694339,-0.001477201422748875,-0.05735648346434297,0.11188728024681649,0.08975257621192223,-0.014735308829597615,-0.08103882762388093,0.16670156863055519,0.007971819650832712,0.007695925236727685,0.1374793013666995,-0.020105863570895277,-0.1855431571242816,0.2811308677048032,0.14850124509984963,0.5043586456636177,9.0
melanin,genocid,0.3361697534035164,-0.041356858319433254,9.0,9.0,0.0787547242397274,0.016664006143721988,0.012643025473282776,0.09824818268848745,0.07034908631013348,-0.03624388561134806,-0.17511239155080527,0.20658171004232262,-0.008066869183031677,0.08497831654037091,0.19553304214636325,0.050029400763465626,0.3433833489432294,-0.1017350816706386,0.0982996443739309,-0.35922693320371524,0.18387585241399784,0.3279511588351631,9.0
melanin,garlic,0.31604898478484555,0.09186225348517107,9.0,9.0,0.20292763621329246,0.017518155987398365,-0.0004369951637881453,-0.025214459876609974,-0.20700483736895547,-0.054262119338692294,-0.032999271040442535,-0.03861902785658522,0.19758446990172063,-0.16254316128103197,-0.01066182255065673,-0.03581337600754719,0.02122494892106741,-0.017187215143300794,0.038925378084395335,-0.033661068998699584,-0.044995322472239696,-0.023792945385433528,9.0
melanin,zinc,0.22849707344071002,-0.07687928446772907,9.0,9.0,0.2753796609391659,0.06645846550078693,0.02074971359328892,-0.014002869655032057,-0.07389769055979944,-0.0022389002458800267,0.07417696750760805,0.04266296970992878,0.10551709267268627,-0.010854058420867396,0.00782799798506717,-0.21037245893316525,-0.007843706399688122,0.008242615162256772,0.18364441294041678,0.08353063709004727,0.08589458179047749,0.2134928723232289,9.0
africa,supplement,-0.15918480850076855,0.5420134610445666,-0.028599346520948643,-0.02922919959853676,0.3900448031416346,0.12041305803358915,0.10363105745041878,0.05092438942588151,0.020575655757444467,0.37574951874153106,0.23285983783723296,0.14201144730975768,0.3751207660316911,0.10309654626594633,0.306555482287205,0.25696019141815407,0.1943199856361124,0.33037475900515567,-0.010125926406668206,0.09056004195392753,0.31647568354301436,0.6351565435372357,0.2886967528646568
africa,vaccin,0.3263314498110633,0.5881143195140126,-0.005921720256640839,0.3548800089427273,0.7289737451368273,0.04801945525691076,0.51630908610289,0.11830671334893672,0.11306609882444818,0.1568059629365951,0.40675901932502645,0.32772034422649066,0.7176191773246182,0.1480656172575504,0.6364985376653254,0.15217815723714856,0.5040156316845819,0.38725439890642277,0.07791133636193615,0.311610199586551,0.1849202368668752,0.6887702699682915,0.47269026377784495
africa,depopul,0.17131696406867425,0.1244351707376391,-0.0013565922397664743,0.2748679051249281,0.42413904730821916,-0.04831444957749631,-0.18479172761670437,0.04985605865848197,-0.1518117844278648,0.06566750850544734,0.060879944649823936,0.3089611499769944,0.5911646673699855,0.018944084829858876,0.4819569034544997,0.007055770052197707,0.04880839385877378,0.0457048435170182,0.14040887993351026,-0.21329905568148022,0.2278190559437846,0.5610372578503418,0.2216589833672571
africa,water,0.2056143342293304,0.18353508390644346,-0.04614927097725685,0.23324462338304675,0.14737422559520907,-0.00501629054517827,0.04676175219772194,0.16396735813942098,-0.12556473213494979,0.09532854955710834,0.28396229836248843,0.5012337870876288,0.4869310499208592,0.41321974549032403,0.284008814462548,0.16656561168341988,0.4271879201425556,0.25881810236504865,0.15710107843832932,0.26105852103570526,0.4839741987908226,0.16938252798511044,0.15706641740569305
africa,immun,0.17708154131723064,0.3121650350480356,-0.17254006618952356,0.22268505135972794,0.49256670694868565,0.03172437733784517,0.3529116743904005,0.13266867557444884,0.3271684373862126,0.09349666244108723,0.44917825500336095,0.4527444255989861,0.6219846044207595,0.15708600531048833,0.38837150654362507,-0.09160508344517204,0.49089943154863236,0.41363723655746565,0.21806037345455165,0.04227132381431764,0.30810028780047527,0.23134625714497103,0.24768879571094615
africa,vitamin,0.20705153636208706,0.5938972332340732,-0.028005926391152736,0.035937347869349545,0.7039744891154511,-0.09899350211004365,-0.0353756552497666,0.08641297325667241,0.16975536186901785,0.135204910641342,0.223857186821936,0.07638549660010452,0.3636147947507571,-0.06552799208514926,-0.04865971849006856,0.439853132741462,0.13644316125463996,0.2707678808172087,0.18543162382777045,0.04328940000696624,0.46774968706347686,0.5454351909826046,0.1166109395405952
africa,vit,-0.22322787462440763,0.14570424867984966,-0.03642822499463505,0.2507375022070235,0.30109115419411814,-0.02341665854243047,-0.0725721660727554,0.07786141828707493,0.13730076123882684,0.09314122812596859,0.04532022813277181,-0.03702207347531794,0.25299349040941144,-0.015277573575083414,0.22273924998588446,0.12167542781536367,0.009014145609022028,0.052490952304313776,-0.09162953487076386,0.12113945177794494,0.33731849570638006,0.2602829106061413,0.2889908734248807
africa,inocul,0.27513233715664775,0.5597441625246128,-0.00974824655406814,0.1744120051475594,0.5714886581807065,0.13740249291172546,0.6641516113647443,-0.03373473498702806,-0.0612115245405902,0.09540189705017799,0.26361860023742345,0.3002831644407473,0.5370256733280536,0.014477242488279751,0.029912968954466268,-0.0008402525262634075,0.2798827183034259,0.18087580941969872,0.0680925626534612,0.22381274263816464,-0.059059654756163926,0.5332733487026743,0.2030556057639208
africa,colloid,0.0303760331062205,0.07705464720793398,-0.023860186703340114,0.3366878862353365,0.5259848152839798,-0.11781033084326098,-0.11064061282000348,0.08459069027395327,0.04765945635237756,-0.05582471673264844,0.3185521284079351,0.027514791008905415,0.07145077959826862,-0.02402941287877791,0.001035713360408086,-0.04735605188912628,0.04786527617385572,0.016704623186542422,0.06310409579381138,-0.04778977984405053,-0.026100508620775065,0.4837437614515757,0.18089367278564183
africa,genocid,0.3930090593908908,0.0058734336301536905,-0.21422180066235708,0.18854519395165092,-0.0018843753049246903,0.2961282726313942,0.6902137460593636,0.20167140938828343,0.0820937467308126,-0.06810914686827996,0.17094315050734243,0.10500015420779063,0.4528173974586186,0.2092773364943472,-0.03600275155451094,0.1221305008590503,0.47596565790730994,0.30040561021777923,-0.02069945333800649,0.01898663144927326,0.2700695966741081,0.44858325321433,0.5612505365225343
africa,garlic,0.19477733052951895,0.6819169956396856,0.01455408387815893,0.014947702081902214,0.6989484831109745,-0.11363873313986139,0.14855528284222852,0.026886259243679156,-0.01324041854105884,0.0940227841503305,0.048199178236656204,0.04647401199941115,0.2021551077588949,0.10971758451731795,-0.06499536396997052,0.019041093156160982,0.2813937920357801,0.051922057711398684,0.1482355901286695,-0.07542364987062444,0.21008105679150813,-0.058718914776157094,0.11709762089941012
africa,zinc,-0.02188122616505095,-0.09126450256877283,-0.0034573721595552165,-0.15877837486268298,0.6314985891532265,-0.06527498484577543,-0.027341195914306393,0.019634502403954812,-0.03990383499994388,-0.02056296280531389,0.16510454540002972,0.12160911741578717,0.6506880947190934,-0.044440252788376045,0.11669692122002995,0.15441874193753136,0.08995379428504635,0.16267230749443673,0.11556041736960943,-0.037741605918534926,0.34221348802636675,-0.005841120224934215,0.07477058220639143
african,supplement,0.08741060878356743,-0.09462043399389342,-0.03408406617398008,-0.012827902451248985,0.15880395828273142,-0.011791991326361106,0.05482121766599002,-0.07282007283220038,0.07635669421220792,-0.08294689679270384,0.06731888815233444,0.2441297786432992,0.5312799161638784,0.19016145028144882,0.2292217154806363,-0.007009188668172017,0.19066442566339503,0.1883573705469792,0.01757129675233171,0.13343789953050522,0.268899154404429,0.6115537508774881,0.7377719116588067
african,vaccin,0.17956427502941308,-0.09841396821810511,-0.010362961022672978,0.49192167629606476,0.2531179631101299,0.18905670678672748,0.3395386424938066,0.1263955381344385,0.15636240072326357,-0.017417008325840255,0.16184705560897783,0.2446896131813786,0.8920569025374164,0.2117108737506167,0.5030242402442298,0.24856027614755194,0.34108508346920885,0.2394591339839669,-0.0058181659379463735,0.27963392465431136,0.30639465487844975,0.5703695150950673,0.35392141750239503
african,depopul,0.16874237284236726,0.10505307665649588,-0.014281462713166881,0.25095894691265364,0.1322189715937364,0.13506710160514157,0.08303442829902541,0.0538805844462219,0.03495397007006562,-0.06823532621231587,0.06997524259004007,0.3714428395153878,0.7074910240778005,-0.004790650640437155,0.20744490133229176,0.043482233061460374,-0.1779343173658623,0.14678341281593787,0.16348777737082898,0.09555520046228794,0.4168087736209012,0.35272877482808895,0.4335473586430867
african,water,0.1255916393934131,0.005047901267478783,-0.05875377048944319,0.28196176589967126,0.06475025794290978,0.008162186529713344,0.18095753073432808,0.01611998396598935,-0.037706146784899586,0.09074695768306973,-0.054719628718614244,0.41478180265297815,0.7208283711666864,0.2566208436712497,0.3099979878408061,0.02098150875718363,0.2563178933057304,0.10398014296071623,0.19355089766847833,0.2598880096693319,0.5178736387568079,-0.09619609223583159,0.34196346788028653
african,immun,0.06255546971314074,0.08404909829878249,-0.19457150270312162,0.41054280582206415,0.029133220795547587,0.16995813316380293,0.2647264027358235,0.05329939621772306,0.2838506054640809,0.09782371996294126,0.2619863335803079,0.31106393268455323,0.8225556499763594,0.3680023780633682,0.42928627235797445,-0.03581983383242848,0.4711388056766628,0.24603145368337165,0.26742716717705206,0.12338371114481816,0.534026818390845,0.30337408235332275,0.39145017145920014
african,vitamin,0.2776659230935177,-0.04252127473499656,-0.03598744741812676,0.10497710859742893,0.3472107715552797,-0.014380867945128939,0.05703104793983638,0.09684925297624258,0.12043300287054026,-0.2073528068667161,0.07760535812018166,0.04782319384754352,0.4895298718539458,-0.0006701470872498838,-0.02740076757478449,0.15239080295279073,0.22700157821131983,0.21949410290593985,0.13958375651352606,0.15582476610881568,0.50224352516574,0.4743855065701219,0.20747997108107963
african,vit,-0.057134218639726564,-0.08432978486903098,-0.031209664298817552,0.3700120428063004,0.11657327521215155,-0.028311617592997607,-0.07338806399229636,-0.017351427261671937,0.08697283345179252,-0.11088340705646749,0.008103641062141564,0.08913441956556445,0.3062570434749512,0.059757057736327224,0.16212623761390954,0.07132571670956889,0.09554337951212777,-0.09999276675747559,-0.04919220711667793,0.16284620312075238,0.30977612623215456,0.2552980514512142,0.6847770669378151
african,inocul,0.40554624233939973,-0.18021959129187204,-0.019881017429026038,0.23973717785522786,0.1975383209867163,0.001293770768200364,0.48547312558394573,0.027842559995875038,0.20817793524838124,0.02710971097921,0.12220773785651695,0.16258223915099856,0.6829790213389824,0.03803650603642594,0.02834074362712058,0.030405755966463555,0.4016743538656472,0.043785306181914674,0.10934275343283528,-0.0405415101926736,0.2513501680449046,0.5974369695401416,0.21347591610291716
african,colloid,0.279014707807105,-0.001688672567738525,-0.01860165828617122,0.5547574412607303,0.09779856802502662,-0.04094350953827308,-0.047701079951422365,0.05155430736813682,0.07505085849860127,-0.025389996017794347,-0.015538999963207845,-0.02498733204019432,0.19245552278974998,0.1412920149407456,0.024613180725423844,-0.03334161640729749,0.15705573680876161,-0.0354912473429998,0.03718010549656481,0.01631132250966638,-0.07807712433208547,0.36926503534593924,0.5476892879859306
african,genocid,0.5535974114314219,-0.0045963824461137115,-0.27332933680197247,0.3364299350680091,-0.20282181478476047,0.052857997954282476,0.43090659071972404,0.04295476935367226,0.04535207616222514,-0.004422586134705586,0.03500849625943436,0.2656278453467138,0.6392687476607906,0.3946996198941125,0.0750929400722673,0.4352405096425198,0.3338601145618574,0.2785774810862216,0.13642539958032374,0.030110647218722697,0.49091153000072896,0.367704757756826,0.31017298230111856
african,garlic,0.1170400563324161,-0.23253758379744816,-0.008427112463087916,0.06880434858602513,0.34664382624245715,-0.01171878253253733,0.18488123890875563,0.04958236450940834,-0.10702442157254,-0.00402349216771225,0.11920116550516457,-0.02999439689563821,0.3688328925913379,0.06903158767770345,-0.030417361411432697,-0.03516626806428591,0.21890471268702583,-0.08267414807938445,0.0015629473478632194,0.05112872910394739,0.09354412742616791,-0.026880322328517448,0.6087387338359582
african,zinc,0.1304797975450116,0.27559662067280266,0.004107214506016366,-0.07115329989916286,0.41741163431456785,-0.14991577757269647,-0.07063669542961781,-0.00019058405486727104,-0.020546942706437976,-0.020200825706477632,0.02535200682867267,0.021306052796676744,0.8080274355673811,0.07093087531527109,0.0781488815001875,-0.016324025245735285,0.11289009450802256,0.08995948351569016,0.14331112243032973,-0.17117499287034876,0.19891324149603806,0.02308067283558657,0.10552113116252493
black,supplement,0.05119616781341452,0.4616060596593774,0.0009882830270561138,0.18594370748093114,-0.026703365064026263,-0.02590179294300121,0.022578675368502,0.15928834879236187,0.012558409928674519,0.05479500545232885,0.07499255578159081,0.12607318851170013,0.11733373556502769,0.22505078020494818,0.1945422023603416,0.17064847798281568,0.20320492604306817,0.24839381042492614,0.01377587633005617,0.10928601842693708,0.37448351153781767,0.4935086663503665,0.08566540001437883
black,vaccin,0.20859789886400293,0.4933370195905955,0.17746627871918863,0.46416403877674106,-0.04864567582232704,0.1962400898867921,0.2847720800689053,0.1286597557273913,0.1423780751242123,0.2538090409414758,0.19261391284611862,0.2457842395544465,0.33306611153728594,0.3167454560062035,0.39430504479900685,0.44168459663852044,0.4658879172948588,0.5035840007896862,0.3149342590596218,0.1833598909631622,0.1876724514015783,0.565925834622285,0.14258067160037202
black,depopul,0.07453739335380505,0.002322957375842649,0.06288294598543054,0.28101980499871404,0.21583691551697992,0.05014997058079662,-0.0031114033068317948,0.1563588557673845,0.018760007812117063,0.2995487105571243,0.13865203478787036,0.3724182550880073,0.2767221813805034,0.01343832523283095,-0.023630249841818385,-0.055465391358900495,-0.23741367169496197,0.006719956396248228,0.08382255063885835,-0.06414292574936753,0.22383799529648618,0.46640410558100764,0.05024572676481398
black,water,0.002250915988903146,0.18527480430099852,0.15335306890559874,0.2729910678007116,0.09248355869510827,-0.03218948537918287,0.1582069750800561,0.14576863289184516,0.17899929362001632,0.18635723821867645,0.07104143632482252,0.34923434112423046,0.552361349851824,0.2697217994852755,0.3442788801290697,0.1452411183097423,0.376594024208337,0.1878020148194418,0.16477089358192576,0.4687160563613719,0.28455075568972643,0.22694834905101158,0.11676113100145158
black,immun,0.06697954905569214,0.30109043479074193,0.2709584949675088,0.251068381608754,0.25319217198845445,0.22719961604096783,0.1537861395234683,0.3989564505013876,0.11410534049576204,0.32894830299761524,0.336116180311542,0.40085375139174295,0.4497779986943591,0.2983143510082349,0.5280945810810846,0.061377838232985815,0.5133154699935932,0.39221862963015974,0.29992962793596434,0.136119940841666,0.27209127385087484,0.30592492667961524,0.30342361046928723
black,vitamin,0.025567734331464198,0.5077869834721748,-0.02019831258879412,0.15727604304775678,0.05453661348088856,-0.03766374573959674,0.024238325208109868,0.23710020710868762,0.07882085627435398,-0.078930583028058,0.07438414335870802,0.07991970865056397,0.4945883725532876,0.023749385900368458,-0.03835005429289495,0.0883050954718948,0.26049847197770815,0.4148381429907123,0.09185188573573555,0.05169616341209837,0.28668273981256465,0.46695125058646747,-0.01311003857490789
black,vit,-0.011315679982883742,0.06005063908381336,0.11633241141039186,0.3033907465686069,0.47990922475302755,-0.03488211169628319,-0.0917304617413568,-0.07491481363871921,0.030915280574604687,-0.07906884112796808,0.011017334368541798,0.10378294230099838,0.44672130100126917,0.10686406047964048,0.08244995002189481,0.1787910570415685,0.10806874597823823,0.0787044361169913,-0.027493257116894654,0.1132983747980465,0.23331578905871864,0.26591525088368606,0.11372524011622465
black,inocul,0.3068339514862771,0.3697024043470858,0.11205082310683379,0.2891055441216379,0.3951355771085395,0.05261530787763269,0.2877830880247598,-0.08183329161104891,0.09370881642901607,0.20135353252560606,0.11842748965620775,0.2971622189108645,0.21950927868621384,0.010975109804546634,0.11495169893844981,0.018727831087181124,0.22251756550373558,0.07935064059719066,0.1869553211014816,0.16260628869909843,-0.046863322688341036,0.4214040748931016,0.050224802605531194
black,colloid,0.0641192208669985,0.011406818742903835,0.0054100327454323915,0.47341751882811667,-0.014029192444923622,0.1015305322015182,-0.05099569876243315,-0.06864653015072131,0.04110280516391929,-0.15373961002225767,0.05440583807037325,-0.08284527329390845,0.18670127848704243,0.13008190180312984,0.011216345788357951,-0.04193690426617569,0.08224387523413978,-0.00044190213682782087,-0.002496629006182305,-0.09034038060265992,0.01706471848514246,0.3974825853175086,-0.020513608953086626
black,genocid,0.1795723791391759,0.1721751558653486,0.27940666322729224,0.2740915100789457,0.19529204174343362,0.10805856483533616,0.2923609073921024,0.12634859574094703,0.523100789286681,0.10033707957221782,0.06849544230681448,0.3254437229986401,0.3786823767659977,0.41459220062888047,0.05235600372305804,0.4125585538035438,0.44529115620048487,0.459008253624406,0.03771989273703513,-0.43463926919076323,0.3001300230775007,0.40482075483557955,0.01473999244866575
black,garlic,-0.06604352047698225,0.5175367813554667,0.23511599872418643,0.2411315804081895,-0.0501782774977364,-0.09717131339242524,0.024863802317358297,-0.002156022666758739,-0.019268793212545043,-0.12417215042527796,0.05063127336482076,0.018756700778644664,0.2998817794802928,-0.10243215345282808,-0.008025356259647287,0.09983073906891249,0.19306573325267595,0.034329410447189845,-0.1030990310314035,0.05358437700267771,-0.03417547313578373,-0.030904590447386804,-0.06424021275458758
black,zinc,-0.05782719756091015,-0.07252098136699159,0.08641826313587608,0.03621626530632327,0.07306137118831779,0.02929308018811716,-0.04806031934936361,-0.02113816371335764,-0.042830207249850316,-0.1885589456073673,0.06976865581511082,0.13474947542983706,0.3702923063343584,0.05089042122530263,0.056621714570458836,0.036233884802850946,0.17347371263093647,0.07356515982661127,0.03116598534957926,0.004528094895243195,0.16945863779712256,0.014233474457206463,-0.012615310398806479
mandatori,vaccin,0.4111762690514471,0.11349865021436845,-0.0370457880879691,0.18254866475520914,0.6472745788085197,0.531959072872898,0.5647555868013223,0.030848332414101787,0.0903038249326058,0.27991862682393287,0.15374262979479825,0.27452226113514566,0.6910518597667284,0.023518380114155524,0.3940752005003183,0.3723799355079698,0.7130238195400475,0.47316658135101863,0.06526834085770106,0.32131721098561905,0.3596388998587139,0.28408105673037576,0.27206059117057224
overcount,death,-0.2022794382596964,9.0,9.0,9.0,9.0,9.0,9.0,-0.19301382462395922,9.0,0.22158306454428478,-0.12055301393868967,0.060981175962237066,0.4469960230394818,0.08958277406741089,-0.3520143663315929,0.15354473758783527,0.73949257503764,0.3197930078622182,0.7236078727675953,0.2051033727496372,0.49685099459846227,0.8874023392984908,-0.02771437148606881
dioxid,mask,0.5217896083022368,0.12977989533714862,0.19497091828285784,0.3126493337938203,-0.001593404421783573,0.02913836426633476,-0.06167741457225806,-0.0973908010695288,0.1904912213273704,0.08198385506554506,-0.0620489302719458,0.01593263241240095,0.7025951229697313,-0.09104970300620341,0.02983820391749825,0.08816060940049741,0.2490892963945195,-0.022027995567821534,-0.06759625427332616,0.004142405737437516,0.2543582542559324,0.2116527737105508,0.02697946762863923
lab,china,0.5473850810458456,0.5699980933681652,0.3936630026711412,0.40978560622059024,0.9040185795229604,0.4345425625957722,0.29648015637963776,0.36277614153548077,0.46911536261776066,0.4701528711345726,0.19545077462794092,-0.1347626170255296,0.8872545807874124,0.29405740483561593,0.314401054822552,0.6789225719512567,0.5911140085132893,0.48723889502816864,0.009351581663489705,0.22558577068794217,0.3134734075059651,0.6384032355228054,0.6770321098986445
